activity_id,name,description,type,course_id,laps,sport,sub_sport,training_effect,anaerobic_training_effect,start_time,stop_time,elapsed_time,moving_time,distance,cycles,avg_hr,max_hr,avg_rr,max_rr,calories,avg_cadence,max_cadence,avg_speed,max_speed,ascent,descent,max_temperature,min_temperature,avg_temperature,start_lat,start_long,stop_lat,stop_long,hr_zones_method,hrz_1_hr,hrz_2_hr,hrz_3_hr,hrz_4_hr,hrz_5_hr,hrz_1_time,hrz_2_time,hrz_3_time,hrz_4_time,hrz_5_time
10087458548,Chicago - Dec 5,,uncategorized,,9,running,generic,3.7,0.0,2022-12-05 05:55:09.000000,2022-12-05 06:56:13.000000,01:00:51.808000,01:00:02.476000,5.734330332912,4544.0,154,170.0,,,1077,76.0,81.0,5.731030113065719,6.719755628801346,85.30183740000001,75.4593177,260.6,,260.6,41.923640286549926,-87.64703717082739,41.923771630972624,-87.64426242560148,max_heart_rate,95.0,114.0,133.0,152.0,171.0,00:00:17.999000,00:02:43.172000,00:18:45.415000,00:38:06.692000,00:00:00.000000
10325780083,Stair Stepper,,uncategorized,,1,fitness_equipment,stair_climbing,2.6,0.7,2023-01-17 06:09:47.000000,2023-01-17 06:30:08.000000,00:20:16.531000,00:20:16.531000,0.0,604.0,147,173.0,,,338,2.0,76.0,0.0,,,,260.6,,260.6,,,,,max_heart_rate,95.0,114.0,133.0,152.0,171.0,00:00:22.236000,00:01:50.001000,00:10:54.999000,00:06:52.296000,00:00:12.000000
9696712210,Indoor Cycling,,uncategorized,,1,cycling,indoor_cycling,2.4,0.2,2022-09-29 06:31:40.000000,2022-09-29 07:18:50.000000,00:46:08.092000,00:45:55.902000,0.0,,131,155.0,,,638,,,0.0,,,,260.6,,260.6,,,,,max_heart_rate,96.0,115.0,134.0,153.0,172.0,00:03:19.998000,00:19:28.999000,00:21:14.271000,00:00:30.976000,00:00:00.000000
9475955870,Buildup Week 2,,uncategorized,,17,running,treadmill,3.4,0.2,2022-08-25 11:04:34.000000,2022-08-25 11:42:58.000000,00:38:03.758000,00:38:03.758000,2.7520219762399996,2548.0,151,169.0,,,659,67.0,82.0,4.9654991927641845,5.572207435201645,,,82.4,77.0,80.6,,,,,max_heart_rate,97.0,116.0,135.0,154.0,174.0,00:00:09.000000,00:02:21.760000,00:17:57.464000,00:17:10.871000,00:00:00.000000
10077888502,Chicago Running,,uncategorized,,11,running,generic,4.1,0.0,2022-12-03 07:01:05.000000,2022-12-03 09:20:11.000000,02:19:01.733000,01:44:53.728000,10.003324460848,8037.0,156,171.0,,,1858,76.0,80.0,5.722082484264374,7.681638258132935,154.19947530000002,193.5695541,260.6,,260.6,41.92370013333857,-87.64699660241604,41.92361522465944,-87.64840241521597,max_heart_rate,95.0,114.0,133.0,152.0,171.0,00:00:00.000000,00:00:20.774000,00:29:53.048000,01:14:37.772000,00:00:02.000000
9667080979,Chicago Running,,uncategorized,,14,running,generic,4.5,0.4,2022-09-24 05:46:22.000000,2022-09-24 08:45:33.000000,02:59:08.102000,02:25:14.640000,13.006299623632,11205.0,143,171.0,,,2547,77.0,90.0,5.373120161067963,9.99686667680359,147.6377955,121.39107630000001,260.6,,260.6,41.92421654239297,-87.64701671898365,41.91382214426994,-87.6311444118619,max_heart_rate,96.0,115.0,134.0,154.0,173.0,00:01:37.876000,00:08:03.854000,02:01:56.605000,00:13:30.437000,00:00:00.000000
9860452319,Chicago Running,,uncategorized,,5,running,generic,2.8,0.0,2022-10-26 05:59:26.000000,2022-10-26 06:46:58.000000,00:47:28.935000,00:46:59.776000,4.019420385456,3436.0,139,154.0,,,735,73.0,81.0,5.131530983469009,6.386452322666169,13.1233596,29.5275591,260.6,,260.6,41.92363207228482,-87.64707958325744,41.926610162481666,-87.65047752298415,max_heart_rate,95.0,114.0,133.0,152.0,171.0,00:01:11.001000,00:08:19.053000,00:36:40.581000,00:00:36.959000,00:00:00.000000
9407593220,Chicago Running,,uncategorized,,1,running,generic,0.0,0.0,2022-08-13 14:11:49.000000,2022-08-13 14:12:21.000000,00:00:25.384000,00:00:25.384000,0.003119283424,,77,80.0,,,1,,,0.44291332560002805,2.9840726048002244,0.0,0.0,89.6,89.6,89.6,41.92349620163441,-87.64693566597998,41.923565017059445,-87.64693449251354,max_heart_rate,,,,,,00:00:00.000000,00:00:00.000000,00:00:00.000000,00:00:00.000000,00:00:00.000000
10050500333,Chicago Running,,uncategorized,,6,running,generic,3.4,0.0,2022-11-28 05:52:16.000000,2022-11-28 06:50:24.000000,00:57:06.299000,00:57:02.969000,5.297711431808,4287.0,151,165.0,,,993,75.0,80.0,5.572207435201645,7.534000516265869,59.0551182,72.1784778,84.2,62.6,66.2,41.92364791408181,-87.6470432896167,41.92378613166511,-87.64652168378234,max_heart_rate,95.0,114.0,133.0,152.0,171.0,00:00:16.001000,00:01:48.999000,00:25:24.569000,00:29:16.722000,00:00:00.000000
10108454524,Chicago Running,,uncategorized,,6,running,generic,3.5,0.0,2022-12-09 05:51:27.000000,2022-12-09 06:54:31.000000,01:03:00.320000,01:02:05.649000,5.760657830656,4645.0,155,167.0,,,1099,74.0,79.0,5.56549658026886,7.681638258132935,42.650918700000005,39.3700788,260.6,,260.6,41.92374405451119,-87.64699601568282,41.923673897981644,-87.64674782752991,max_heart_rate,95.0,114.0,133.0,152.0,171.0,00:00:11.827000,00:01:13.458000,00:11:29.834000,00:49:07.060000,00:00:00.000000
10582174563,Chicago Running,,uncategorized,,21,running,generic,4.9,0.0,2023-02-25 05:36:37.000000,2023-02-25 09:27:24.000000,03:50:42.401000,03:42:04.156000,20.0059778408,16988.0,154,178.0,,,3330,76.0,82.0,5.404437128536224,9.122225161598205,262.467192,278.8713915,260.6,,260.6,41.9236951880157,-87.64704043976963,41.927549773827195,-87.6417488604784,max_heart_rate,95.0,114.0,133.0,152.0,171.0,00:00:14.221000,00:04:06.911000,01:29:24.089000,02:00:26.948000,00:07:49.730000
10142385361,Chicago Running,,uncategorized,,6,running,generic,3.5,0.0,2022-12-16 05:57:11.000000,2022-12-16 06:59:25.000000,01:01:59.136000,01:00:33.622000,5.735809196368,4581.0,154,171.0,,,1033,75.0,80.0,5.681817354667663,7.764404757867813,59.0551182,52.4934384,260.6,,260.6,41.92366065457463,-87.64695268124342,41.92385260015726,-87.64638086780906,max_heart_rate,95.0,114.0,133.0,152.0,171.0,00:00:11.999000,00:00:52.002000,00:16:44.359000,00:42:32.194000,00:00:02.000000
9623959500,Chicago Running,,uncategorized,,21,running,generic,5.0,0.0,2022-09-17 06:06:24.000000,2022-09-17 10:13:24.000000,04:06:12.787000,03:45:54.454000,20.055575689984,17211.0,151,181.0,,,4012,77.0,86.0,5.32614470986557,6.907658500265121,147.6377955,144.3569556,260.6,,260.6,41.916658245027065,-87.62996843084693,41.91772324964404,-87.63016674667597,max_heart_rate,96.0,115.0,134.0,154.0,173.0,00:00:25.497000,00:02:24.193000,02:19:26.838000,01:21:03.028000,00:01:38.920000
9453805268,Chicago - Buildup Week 2,,uncategorized,,17,running,generic,2.9,0.0,2022-08-22 06:20:36.000000,2022-08-22 07:00:17.000000,00:39:29.505000,00:38:04.308000,3.121464436912,2577.0,138,160.0,,,549,66.0,78.0,4.9190219994697575,6.679491032531738,3.2808399,6.5616798,86.0,75.2,77.0,41.92338891327381,-87.64697548002005,41.92416675388813,-87.6463611703366,max_heart_rate,97.0,116.0,135.0,154.0,174.0,00:02:10.778000,00:11:53.051000,00:18:19.731000,00:05:14.189000,00:00:00.000000
10515448957,"Chicago - 1 on, 1 off",,uncategorized,,38,running,generic,4.1,0.0,2023-02-15 05:16:01.000000,2023-02-15 06:34:53.000000,01:18:43.473000,01:18:27.327000,8.258855885408,6018.0,151,169.0,,,1335,77.0,82.0,6.3171069994697575,7.889673161067963,475.7217855,479.0026254,260.6,,260.6,41.92355797626078,-87.64701001346111,41.925455555319786,-87.64080857858062,max_heart_rate,95.0,114.0,133.0,152.0,171.0,00:00:33.020000,00:04:51.530000,00:21:23.177000,00:51:12.713000,00:00:00.000000
10034966246,Chicago Running,,uncategorized,,6,running,generic,3.8,0.0,2022-11-25 08:15:00.000000,2022-11-25 09:09:43.000000,00:54:35.949000,00:53:40.089000,5.25176724528,4029.0,155,168.0,,,992,75.0,79.0,5.871957,7.493735386669159,65.616798,52.4934384,82.4,60.8,64.4,41.92368093878031,-87.6469883043319,41.92386131733656,-87.64658220112324,max_heart_rate,95.0,114.0,133.0,152.0,171.0,00:00:13.000000,00:01:24.661000,00:15:21.323000,00:36:27.893000,00:00:00.000000
10345350971,Chicago Running,,uncategorized,,8,running,generic,3.7,0.0,2023-01-20 05:46:03.000000,2023-01-20 07:04:38.000000,01:18:29.610000,01:18:00.056000,7.359663408175999,5969.0,154,173.0,,,1300,76.0,80.0,5.661684789869309,7.11793017706871,82.02099750000001,101.7060369,260.6,,260.6,41.92366979084909,-87.64706131070852,41.92391747608781,-87.64643258415163,max_heart_rate,95.0,114.0,133.0,152.0,171.0,00:00:13.122000,00:01:33.877000,00:21:03.285000,00:54:39.455000,00:00:22.002000
10177044695,Treadmill Running,,uncategorized,,4,running,treadmill,3.9,0.0,2022-12-23 14:12:03.000000,2022-12-23 14:52:08.000000,00:39:47.605000,00:39:47.605000,3.501843030704,3011.0,161,178.0,,,758,75.0,80.0,6.181925950578287,5.990514548267365,,,260.6,,260.6,,,,,max_heart_rate,95.0,114.0,133.0,152.0,171.0,00:00:23.478000,00:00:39.072000,00:03:46.927000,00:27:54.673000,00:07:02.987000
10568353470,Chicago Running,,uncategorized,,6,running,generic,3.1,0.0,2023-02-23 05:31:26.000000,2023-02-23 06:24:33.000000,00:53:03.955000,00:52:32.339000,5.023009438,4078.0,139,150.0,,,825,77.0,80.0,5.735503660802841,8.76655198346901,9.8425197,9.8425197,260.6,,260.6,41.92378889769316,-87.64697480946779,41.924767987802625,-87.64788600616157,max_heart_rate,95.0,114.0,133.0,152.0,171.0,00:00:17.000000,00:05:53.274000,00:45:57.346000,00:00:00.000000,00:00:00.000000
9407593484,Chicago Running,,uncategorized,,1,running,generic,0.0,0.0,2022-08-13 15:12:34.000000,2022-08-13 15:13:26.000000,00:00:42.028000,00:00:42.028000,0.0,,92,102.0,,,4,,,0.0,0.0,0.0,0.0,89.6,89.6,89.6,41.92361162044108,-87.64677188359201,41.92361162044108,-87.64677188359201,max_heart_rate,,,,,,00:00:00.000000,00:00:00.000000,00:00:00.000000,00:00:00.000000,00:00:00.000000
10040419625,Chicago Running,,uncategorized,,9,running,generic,4.1,0.1,2022-11-26 06:59:14.000000,2022-11-26 09:01:36.000000,02:02:17.491000,01:22:25.232000,8.003056003504,6291.0,159,173.0,,,1499,76.0,80.0,5.8249815487976075,7.534000516265869,75.4593177,65.616798,80.6,60.8,64.4,41.92366601899266,-87.64700096100569,41.923310961574316,-87.64582129195333,max_heart_rate,95.0,114.0,133.0,152.0,171.0,00:01:22.512000,00:01:01.455000,00:09:10.858000,01:09:00.182000,00:01:44.051000
10061604425,"Chicago - 1 on, 1 off",,uncategorized,,37,running,generic,3.7,1.0,2022-11-30 05:53:05.000000,2022-11-30 06:58:13.000000,01:04:58.846000,01:04:50.085000,6.159491149088,4856.0,153,181.0,,,1144,75.0,82.0,5.699713145597457,9.059591226661682,134.5144359,144.3569556,260.6,,260.6,41.923630479723215,-87.64703742228448,41.923745730891824,-87.64664875343442,max_heart_rate,95.0,114.0,133.0,152.0,171.0,00:00:28.115000,00:03:43.496000,00:20:29.379000,00:38:31.260000,00:00:57.293000
9552700211,Indoor Cycling,,uncategorized,,1,cycling,indoor_cycling,2.1,0.0,2022-09-06 06:33:11.000000,2022-09-06 07:18:40.000000,00:43:47.209000,00:43:47.209000,14.099999927599999,,124,152.0,,,517,,,19.320882673215426,,,,260.6,,260.6,,,,,max_heart_rate,97.0,116.0,135.0,154.0,174.0,00:06:06.996000,00:26:48.782000,00:08:14.999000,00:00:00.000000,00:00:00.000000
10287596040,Chicago - Ladder Run,,uncategorized,,16,running,generic,4.4,0.0,2023-01-11 05:55:41.000000,2023-01-11 07:15:31.000000,01:19:40.002000,01:19:08.197000,8.017819783216,6018.0,158,173.0,,,1430,76.0,80.0,6.079991902935028,7.15819530666542,98.425197,88.5826773,260.6,,260.6,41.923732068389654,-87.64693918637931,41.92563258111477,-87.64342457056046,max_heart_rate,95.0,114.0,133.0,152.0,171.0,00:00:29.998000,00:01:19.574000,00:15:29.584000,00:59:34.381000,00:01:55.337000
9660377054,Chicago - september 19 workout,,uncategorized,,21,running,generic,3.8,0.0,2022-09-23 05:52:54.000000,2022-09-23 07:15:28.000000,01:22:22.554000,01:22:06.753000,7.25307960624,6037.0,141,161.0,,,1438,76.0,90.0,5.29930129013443,7.180564645332336,72.1784778,91.8635172,260.6,,260.6,41.924018897116184,-87.64676040038466,41.925541469827294,-87.64629637822509,max_heart_rate,96.0,115.0,134.0,154.0,173.0,00:00:41.242000,00:11:41.555000,01:07:39.286000,00:01:41.005000,00:00:00.000000
10536139476,Chicago Running,,uncategorized,,17,running,generic,4.5,0.0,2023-02-18 06:59:25.000000,2023-02-18 09:46:14.000000,02:46:44.369000,02:45:11.894000,16.003601667359998,12775.0,142,150.0,,,2579,77.0,80.0,5.811559838932037,8.954454321605683,223.09711320000002,226.3779531,260.6,,260.6,41.92361212335527,-87.64704161323607,41.923652440309525,-87.64800922013819,max_heart_rate,95.0,114.0,133.0,152.0,171.0,00:00:32.000000,00:04:48.298000,02:39:32.840000,00:00:00.000000,00:00:00.000000
10066687498,Strength,,uncategorized,,1,fitness_equipment,strength_training,0.5,0.0,2022-12-01 05:55:05.000000,2022-12-01 06:20:46.000000,00:25:37.532000,00:25:37.532000,0.0,11.0,104,133.0,,,219,,,0.0,,,,260.6,,260.6,,,,,max_heart_rate,95.0,114.0,133.0,152.0,171.0,00:14:20.089000,00:04:53.999000,00:00:01.000000,00:00:00.000000,00:00:00.000000
10574523565,Chicago Running,,uncategorized,,7,running,generic,3.2,0.0,2023-02-24 05:06:57.000000,2023-02-24 06:11:36.000000,01:04:37.273000,01:04:37.273000,6.005409732624,4992.0,142,152.0,,,984,77.0,80.0,5.576681516265869,6.679491032531738,68.8976379,78.7401576,260.6,,260.6,41.92363944835961,-87.64706181362271,41.9237538613379,-87.6468450576067,max_heart_rate,95.0,114.0,133.0,152.0,171.0,00:00:26.000000,00:03:20.900000,01:00:31.724000,00:00:03.000000,00:00:00.000000
10571925588,Chicago Running,,uncategorized,,6,running,generic,3.6,0.0,2023-02-23 15:53:32.000000,2023-02-23 16:49:10.000000,00:55:32.053000,00:54:01.377000,5.61955685856,4202.0,151,166.0,,,924,77.0,82.0,6.241051354667664,7.619003789869309,121.39107630000001,137.7952758,260.6,,260.6,41.92365705035627,-87.6469827722758,41.923881098628044,-87.64635052531958,max_heart_rate,95.0,114.0,133.0,152.0,171.0,00:00:26.001000,00:02:47.522000,00:15:56.673000,00:34:28.076000,00:00:00.000000
10429231119,Stair Stepper,,uncategorized,,1,fitness_equipment,stair_climbing,3.3,0.0,2023-02-02 05:48:00.000000,2023-02-02 06:18:56.000000,00:30:53.735000,00:30:53.735000,0.0,1006.0,154,174.0,,,543,1.0,76.0,0.0,,,,260.6,,260.6,,,,,max_heart_rate,95.0,114.0,133.0,152.0,171.0,00:00:30.473000,00:00:28.000000,00:10:17.264000,00:18:35.066000,00:01:02.932000
10398100909,Chicago Walking,,uncategorized,,1,walking,generic,0.8,0.0,2023-01-28 09:57:47.000000,2023-01-28 10:12:37.000000,00:10:12.575000,00:10:12.575000,0.523281542368,534.0,127,147.0,,,112,50.0,77.0,3.075787,5.2187715642681125,3.2808399,6.5616798,260.6,,260.6,41.92940150387585,-87.6441697217524,41.923583624884486,-87.64693541452289,max_heart_rate,95.0,114.0,133.0,152.0,171.0,00:00:02.170000,00:08:55.869000,00:01:14.536000,00:00:00.000000,00:00:00.000000
10103331135,Strength,,uncategorized,,1,fitness_equipment,strength_training,0.6,0.0,2022-12-08 05:51:50.000000,2022-12-08 06:20:12.000000,00:28:11.493000,00:28:11.493000,0.0,5.0,103,136.0,,,233,,,0.0,,,,260.6,,260.6,,,,,max_heart_rate,95.0,114.0,133.0,152.0,171.0,00:15:07.175000,00:04:51.011000,00:00:32.000000,00:00:00.000000,00:00:00.000000
10234805306,Strength,,uncategorized,,1,fitness_equipment,strength_training,0.3,0.0,2023-01-03 05:49:06.000000,2023-01-03 06:20:34.000000,00:31:25.301000,00:31:25.301000,0.0,22.0,97,130.0,,,218,,,0.0,,,,260.6,,260.6,,,,,max_heart_rate,95.0,114.0,133.0,152.0,171.0,00:14:12.798000,00:03:28.001000,00:00:00.000000,00:00:00.000000,00:00:00.000000
10522102009,Stair Stepper,,uncategorized,,1,fitness_equipment,stair_climbing,3.2,0.3,2023-02-16 05:35:37.000000,2023-02-16 06:16:01.000000,00:40:17.105000,00:40:17.105000,0.0,991.0,146,170.0,,,646,7.0,80.0,0.0,,,,260.6,,260.6,,,,,max_heart_rate,95.0,114.0,133.0,152.0,171.0,00:00:50.000000,00:03:01.000000,00:25:16.999000,00:10:30.770000,00:00:00.000000
9527563040,Chicago Running,,uncategorized,,15,running,generic,5.0,0.1,2022-09-02 07:00:55.000000,2022-09-02 10:01:21.000000,03:00:16.377000,02:43:53.730000,14.007129788048,11953.0,156,170.0,,,2836,76.0,90.0,5.127057435731888,6.970292435201645,101.7060369,111.54855660000001,260.6,,260.6,41.923411041498184,-87.64604223892093,41.92360105924308,-87.64660818502307,max_heart_rate,97.0,116.0,135.0,154.0,174.0,00:00:13.001000,00:02:59.491000,00:28:46.760000,02:11:46.846000,00:00:00.000000
10371038795,Chicago Running,,uncategorized,,7,running,generic,3.7,0.0,2023-01-24 05:49:50.000000,2023-01-24 06:54:42.000000,01:04:48.803000,01:04:19.655000,6.277203709216,4953.0,153,174.0,,,1106,77.0,80.0,5.854061742397309,8.871688355197907,95.14435710000001,114.8293965,260.6,,260.6,41.92433573305607,-87.64647834934294,41.92363274283707,-87.64638271182775,max_heart_rate,95.0,114.0,133.0,152.0,171.0,00:00:12.998000,00:01:58.999000,00:19:20.393000,00:42:05.857000,00:00:31.999000
10497314430,Chicago Running,,uncategorized,,12,running,generic,4.0,0.0,2023-02-12 08:13:12.000000,2023-02-12 10:08:05.000000,01:54:48.584000,01:52:28.997000,11.007752364512001,8761.0,148,165.0,,,1816,77.0,83.0,5.871957,7.932175064533235,127.9527561,127.9527561,260.6,,260.6,41.92364531569183,-87.64708427712321,41.923722764477134,-87.64674589969218,max_heart_rate,95.0,114.0,133.0,152.0,171.0,00:00:06.068000,00:02:16.524000,01:31:59.347000,00:18:05.829000,00:00:00.000000
9795298760,Chicago Running,,uncategorized,,2,running,generic,5.0,0.4,2022-10-15 07:04:20.000000,2022-10-15 09:52:41.000000,02:48:18.827000,02:46:07.251000,15.010147179088,12255.0,146,171.0,,,3093,77.0,117.0,5.422332919466019,7.471366048002243,121.39107630000001,167.3228349,260.6,,260.6,41.92370742559433,-87.64700607396662,41.9228523876518,-87.64862562529743,max_heart_rate,96.0,115.0,134.0,153.0,172.0,00:00:22.004000,00:22:15.549000,01:32:55.257000,00:50:23.049000,00:00:00.000000
10205166448,Running,,uncategorized,,8,running,generic,3.3,0.0,2022-12-29 06:31:12.000000,2022-12-29 07:55:25.000000,01:24:10.579000,01:18:14.633000,7.0048293844159994,5872.0,149,161.0,,,1242,75.0,80.0,5.3708833871994015,6.4490862576026915,108.26771670000001,101.7060369,260.6,,260.6,12.58458036929369,-70.03171185962856,12.58465614169836,-70.03148051910102,max_heart_rate,95.0,114.0,133.0,152.0,171.0,00:00:22.795000,00:02:58.106000,00:43:58.608000,00:30:54.178000,00:00:00.000000
10561736428,Chicago - Fartlek,,uncategorized,,14,running,generic,3.8,0.9,2023-02-22 05:04:43.000000,2023-02-22 06:23:35.000000,01:18:44.566000,01:18:44.566000,8.01944777576,6157.0,146,173.0,,,1290,78.0,86.0,6.1113094037303926,8.09770806400299,157.4803152,160.7611551,260.6,,260.6,41.92361522465944,-87.64705033041537,41.92377096042037,-87.64408254995942,max_heart_rate,95.0,114.0,133.0,152.0,171.0,00:00:12.000000,00:03:28.014000,00:58:57.957000,00:15:19.020000,00:00:22.835000
10377713243,Chicago Running,,uncategorized,,5,running,generic,3.3,0.0,2023-01-25 05:58:49.000000,2023-01-25 06:46:39.000000,00:47:46.682000,00:47:06.014000,4.4678701942079995,3644.0,152,167.0,,,785,77.0,81.0,5.690764983469009,7.220829241601944,13.1233596,9.8425197,260.6,,260.6,41.92361706867814,-87.64704714529216,41.92381555214524,-87.64666317030787,max_heart_rate,95.0,114.0,133.0,152.0,171.0,00:00:15.001000,00:02:24.999000,00:16:08.355000,00:28:12.486000,00:00:00.000000
10543221485,Chicago Running,,uncategorized,,12,running,generic,3.9,0.0,2023-02-19 07:57:30.000000,2023-02-19 09:52:28.000000,01:54:53.750000,01:53:15.410000,11.005732908112,8806.0,144,165.0,,,1777,77.0,88.0,5.829455096534729,6.970292435201645,216.53543340000002,226.3779531,260.6,,260.6,41.92348371259868,-87.6471056509763,41.923771630972624,-87.64719148166478,max_heart_rate,95.0,114.0,133.0,152.0,171.0,00:00:02.000000,00:02:20.650000,01:45:48.319000,00:04:51.001000,00:00:00.000000
9635143816,Chicago - september 19 workout,,uncategorized,,21,running,generic,3.8,0.3,2022-09-19 05:59:34.000000,2022-09-19 07:23:17.000000,01:23:30.322000,01:22:57.750000,7.015336771408,5964.0,145,161.0,,,1465,75.0,86.0,5.073370596269608,9.580796870933533,16.4041995,42.650918700000005,260.6,,260.6,41.92349812947214,-87.64703708700836,41.922069769352674,-87.64612865634263,max_heart_rate,96.0,115.0,134.0,154.0,173.0,00:00:14.999000,00:10:13.281000,01:04:58.154000,00:07:16.129000,00:00:00.000000
10314349416,Chicago Running,,uncategorized,,9,running,generic,4.1,0.0,2023-01-15 07:42:33.000000,2023-01-15 09:11:50.000000,01:29:13.516000,01:26:57.357000,8.549688675568,6724.0,154,174.0,,,1493,77.0,82.0,5.89880041973114,7.744272193069458,118.1102364,118.1102364,260.6,,260.6,41.92359401844442,-87.64702945947647,41.923873052001,-87.64635069295764,max_heart_rate,95.0,114.0,133.0,152.0,171.0,00:00:18.998000,00:01:39.735000,00:29:40.228000,00:51:58.981000,00:02:58.183000
10261588598,Chicago Running,,uncategorized,,15,running,generic,4.8,0.1,2023-01-07 06:00:50.000000,2023-01-07 08:27:11.000000,02:26:17.089000,02:24:18.229000,14.006340646624,11016.0,157,174.0,,,2480,76.0,105.0,5.822744241601944,7.639136354667664,108.26771670000001,118.1102364,260.6,,260.6,41.92372318357229,-87.64689953997731,41.92564423196018,-87.64416938647628,max_heart_rate,95.0,114.0,133.0,152.0,171.0,00:00:16.525000,00:01:06.005000,00:35:16.362000,01:44:57.025000,00:02:41.001000
9997008514,Chicago Running,,uncategorized,,5,running,generic,3.4,0.0,2022-11-18 06:42:51.000000,2022-11-18 07:23:18.000000,00:40:20.795000,00:40:20.795000,3.825428296816,3010.0,153,169.0,,,727,74.0,78.0,5.688528209600449,10.435306354667663,26.2467192,39.3700788,260.6,,260.6,41.92334398627281,-87.64843518845737,41.92370482720435,-87.6468635816127,max_heart_rate,95.0,114.0,133.0,152.0,171.0,00:00:24.341000,00:01:24.003000,00:11:57.961000,00:26:33.790000,00:00:00.000000
9923778973,Boulder County Hiking,,uncategorized,,1,hiking,generic,2.5,0.3,2022-11-05 12:37:45.000000,2022-11-05 13:32:04.000000,00:54:15.750000,00:54:15.750000,2.008694250816,2419.0,125,158.0,,,604,38.0,117.0,2.2212773829340935,4.863098919466019,912.0734922,944.8818912,260.6,,260.6,39.998287288472056,-105.28427185490727,39.998940574005246,-105.2829166688025,max_heart_rate,95.0,114.0,133.0,152.0,171.0,00:09:46.803000,00:25:04.010000,00:15:35.000000,00:02:14.000000,00:00:00.000000
9733169894,Chicago - october 5,,uncategorized,,13,running,generic,3.6,0.2,2022-10-05 05:57:12.000000,2022-10-05 06:54:37.000000,00:57:10.135000,00:55:46.274000,5.022711179824,4048.0,147,173.0,,,1015,76.0,89.0,5.404437128536224,7.596634451202393,49.2125985,49.2125985,260.6,,260.6,41.92362327128649,-87.64699299819767,41.930056381970644,-87.64314335770905,max_heart_rate,96.0,115.0,134.0,153.0,172.0,00:00:37.159000,00:11:58.969000,00:18:15.358000,00:24:21.586000,00:00:20.994000
10241737954,Chicago - Tempo Run 1/4,,uncategorized,,9,running,generic,4.7,0.3,2023-01-04 05:54:41.000000,2023-01-04 07:02:56.000000,01:08:05.741000,01:06:20.622000,7.051003478287999,5020.0,161,175.0,,,1249,76.0,79.0,6.3775046938648225,8.89182038666916,65.616798,68.8976379,260.6,,260.6,41.92360416054726,-87.64698369428515,41.92372754216194,-87.64188431203365,max_heart_rate,95.0,114.0,133.0,152.0,171.0,00:00:53.826000,00:01:16.002000,00:14:48.900000,00:34:19.425000,00:15:01.192000
9647914528,Chicago - september 21 workout,,uncategorized,,11,running,generic,4.0,0.1,2022-09-21 05:56:45.000000,2022-09-21 07:09:30.000000,01:12:33.394000,01:12:07.820000,6.359293058448,5267.0,144,161.0,,,1315,77.0,86.0,5.290353661333084,10.978881870933533,45.9317586,59.0551182,260.6,,260.6,41.924047479406,-87.64688084833324,41.928049083799124,-87.64194566756487,max_heart_rate,96.0,115.0,134.0,154.0,173.0,00:00:40.835000,00:08:27.891000,00:48:16.838000,00:14:34.270000,00:00:00.000000
10462368106,Stair Stepper,,uncategorized,,1,fitness_equipment,stair_climbing,2.9,0.0,2023-02-07 05:59:22.000000,2023-02-07 06:10:29.000000,00:10:31.268000,00:10:31.268000,0.0,57.0,148,163.0,,,192,,45.0,0.0,,,,260.6,,260.6,,,,,max_heart_rate,95.0,114.0,133.0,152.0,171.0,00:00:32.659000,00:00:38.000000,00:04:14.999000,00:05:05.610000,00:00:00.000000
9398729812,Morning Run,,fitness,,1,running,generic,,,2022-08-14 01:11:00.000000,2022-08-14 03:04:00.000000,01:53:00.000000,01:53:00.000000,10.000000124928,,155,,,,2092,,,5.310486064,,,,,,,,,,,,,,,,,00:00:00.000000,00:00:00.000000,00:00:00.000000,00:00:00.000000,00:00:00.000000
9610575365,Indoor Cycling,,uncategorized,,1,cycling,indoor_cycling,2.3,0.0,2022-09-15 06:31:01.000000,2022-09-15 07:12:29.000000,00:41:18.723000,00:41:18.723000,13.600001164096,,132,161.0,,,575,,,19.752103398655276,,,,260.6,,260.6,,,,,max_heart_rate,96.0,115.0,134.0,154.0,173.0,00:01:45.998000,00:18:24.196000,00:19:11.993000,00:00:42.999000,00:00:00.000000
10003258329,Chicago Running,,uncategorized,,9,running,generic,4.1,0.0,2022-11-19 07:04:12.000000,2022-11-19 09:34:41.000000,02:00:15.377000,01:22:47.739000,8.031017707503999,6209.0,154,168.0,,,1506,74.0,80.0,5.820507467733384,7.220829241601944,170.60367480000002,141.0761157,260.6,,260.6,41.92371094599366,-87.64703348279,41.913746539503336,-87.63091835193336,max_heart_rate,95.0,114.0,133.0,152.0,171.0,00:01:07.260000,00:01:07.790000,00:20:26.425000,00:59:42.406000,00:00:00.000000
10294222195,Stair Stepper,,uncategorized,,1,fitness_equipment,stair_climbing,2.5,0.0,2023-01-12 07:26:21.000000,2023-01-12 07:38:18.000000,00:10:21.072000,00:10:21.072000,0.0,231.0,164,171.0,,,201,10.0,80.0,0.0,,,,260.6,,260.6,,,,,max_heart_rate,95.0,114.0,133.0,152.0,171.0,00:00:00.000000,00:00:00.000000,00:00:32.856000,00:09:47.216000,00:00:01.000000
9739233708,Chicago Running,,uncategorized,,5,running,generic,3.4,0.0,2022-10-06 05:57:16.000000,2022-10-06 06:42:45.000000,00:45:23.939000,00:45:09.899000,4.09163614632,3389.0,149,160.0,,,854,79.0,87.0,5.435754629331589,11.73049229013443,0.0,6.5616798,260.6,,260.6,41.92456556484103,-87.64688411727548,41.92617857828736,-87.65061205253005,max_heart_rate,96.0,115.0,134.0,153.0,172.0,00:00:14.999000,00:02:14.272000,00:28:42.230000,00:13:43.984000,00:00:00.000000
10308129045,Chicago Running,,uncategorized,,16,running,generic,4.6,0.2,2023-01-14 06:57:00.000000,2023-01-14 10:23:33.000000,03:26:28.556000,02:35:11.245000,15.006592935824,12013.0,148,171.0,,,2565,77.0,80.0,5.802612210130691,8.68378548373413,170.60367480000002,183.7270344,260.6,,260.6,41.92409827373922,-87.64703650027514,41.92130726762116,-87.64314042404294,max_heart_rate,95.0,114.0,133.0,152.0,171.0,00:01:06.882000,00:02:57.043000,01:57:13.188000,00:33:25.553000,00:00:02.000000
9565929817,Indoor Cycling,,uncategorized,,1,cycling,indoor_cycling,2.5,0.1,2022-09-08 06:31:55.000000,2022-09-08 07:15:07.000000,00:43:04.934000,00:43:04.934000,13.800001912239999,,131,163.0,,,594,,,19.219056912315025,,,,260.6,,260.6,,,,,max_heart_rate,97.0,116.0,135.0,154.0,174.0,00:03:35.000000,00:17:07.995000,00:19:02.187000,00:00:44.001000,00:00:00.000000
9897426478,Strength,,uncategorized,,1,fitness_equipment,strength_training,0.1,0.0,2022-11-01 06:00:57.000000,2022-11-01 06:25:20.000000,00:24:20.053000,00:24:20.053000,0.0,19.0,87,113.0,,,140,,,0.0,,,,260.6,,260.6,,,,,max_heart_rate,95.0,114.0,133.0,152.0,171.0,00:05:07.567000,00:00:00.000000,00:00:00.000000,00:00:00.000000,00:00:00.000000
10161001705,Strength,,uncategorized,,3,fitness_equipment,strength_training,0.5,0.0,2022-12-20 05:47:31.000000,2022-12-20 06:28:50.000000,00:41:14.686000,00:41:14.686000,0.0,37.0,101,126.0,,,299,,,0.0,,,,260.6,,260.6,,,,,max_heart_rate,95.0,114.0,133.0,152.0,171.0,00:27:36.014000,00:04:15.999000,00:00:00.000000,00:00:00.000000,00:00:00.000000
10030005535,Indoor Cycling,,uncategorized,,1,cycling,indoor_cycling,3.4,2.0,2022-11-24 09:05:24.000000,2022-11-24 09:49:39.000000,00:43:57.518000,00:43:57.518000,0.0,,146,184.0,,,744,,,0.0,,,,260.6,,260.6,,,,,max_heart_rate,95.0,114.0,133.0,152.0,171.0,00:02:44.219000,00:07:52.001000,00:15:53.271000,00:13:20.992000,00:04:07.035000
9571891796,Chicago - September 9 Workout,,uncategorized,,17,running,generic,3.9,0.4,2022-09-09 05:59:29.000000,2022-09-09 07:04:02.000000,01:04:22.746000,01:04:11.808000,5.520572426399999,4538.0,148,169.0,,,1143,75.0,89.0,5.16061117706871,7.889673161067963,9.8425197,22.9658793,260.6,,260.6,41.9236018974334,-87.6466167345643,41.92454754374921,-87.64735895209014,max_heart_rate,97.0,116.0,135.0,154.0,174.0,00:00:19.000000,00:10:37.516000,00:27:26.423000,00:25:20.076000,00:00:00.000000
10383988430,Stair Stepper,,uncategorized,,1,fitness_equipment,stair_climbing,3.5,0.1,2023-01-26 05:53:02.000000,2023-01-26 06:24:56.000000,00:30:37.656000,00:30:18.346000,0.0,825.0,158,179.0,,,547,10.0,79.0,0.0,,,,260.6,,260.6,,,,,max_heart_rate,95.0,114.0,133.0,152.0,171.0,00:00:31.050000,00:01:21.000000,00:04:26.999000,00:19:26.002000,00:04:33.295000
10103655895,Indoor Cycling,,uncategorized,,2,cycling,indoor_cycling,3.5,2.0,2022-12-08 06:31:54.000000,2022-12-08 07:22:35.000000,00:49:20.562000,00:48:11.379000,0.0,,145,182.0,,,814,,,0.0,,,,260.6,,260.6,,,,,max_heart_rate,95.0,114.0,133.0,152.0,171.0,00:02:49.027000,00:07:27.998000,00:15:43.282000,00:16:06.245000,00:04:20.538000
9407901019,Chicago - Run Workout,,uncategorized,,11,running,generic,2.4,0.0,2022-08-15 06:17:34.000000,2022-08-15 06:40:57.000000,00:23:08.113000,00:23:08.113000,1.8868185036479999,1576.0,135,161.0,,,333,67.0,79.0,4.89441588693428,6.7622575322666165,3.2808399,9.8425197,84.2,77.0,78.80000000000001,41.92218971438706,-87.64437172561884,41.92380457185209,-87.64892226085067,max_heart_rate,97.0,116.0,135.0,154.0,174.0,00:02:09.562000,00:06:45.860000,00:11:26.818000,00:02:33.533000,00:00:00.000000
9776420864,Chicago - recovery run,,uncategorized,,3,running,generic,3.0,0.0,2022-10-12 06:07:51.000000,2022-10-12 06:38:04.000000,00:30:05.550000,00:30:01.976000,2.6422256851999997,2278.0,145,164.0,,,553,79.0,87.0,5.279168725336075,6.511720725866318,45.9317586,29.5275591,260.6,,260.6,41.92361857742071,-87.64706357382238,41.922536473721266,-87.64862453565001,max_heart_rate,96.0,115.0,134.0,153.0,172.0,00:00:15.000000,00:01:30.001000,00:24:52.203000,00:03:12.961000,00:00:00.000000
10338984166,Stair Stepper,,uncategorized,,1,fitness_equipment,stair_climbing,3.1,0.0,2023-01-19 06:04:52.000000,2023-01-19 06:30:26.000000,00:25:27.040000,00:25:27.040000,0.0,685.0,152,173.0,,,447,5.0,78.0,0.0,,,,260.6,,260.6,,,,,max_heart_rate,95.0,114.0,133.0,152.0,171.0,00:00:34.968000,00:00:42.005000,00:08:23.000000,00:14:42.999000,00:00:41.068000
10030153098,Strength,,uncategorized,,1,fitness_equipment,strength_training,1.9,0.2,2022-11-24 09:53:05.000000,2022-11-24 10:13:16.000000,00:19:57.814000,00:19:57.814000,0.0,8.0,125,150.0,,,261,,,0.0,,,,260.6,,260.6,,,,,max_heart_rate,95.0,114.0,133.0,152.0,171.0,00:03:23.002000,00:12:02.820000,00:04:31.992000,00:00:00.000000,00:00:00.000000
10332763446,Chicago - Fartlek,,uncategorized,,14,running,generic,3.9,0.0,2023-01-18 05:49:42.000000,2023-01-18 07:13:31.000000,01:23:37.740000,01:22:48.037000,8.009717102767999,6227.0,151,174.0,,,1396,75.0,82.0,5.8048489839992525,7.263331145067215,62.3359581,82.02099750000001,260.6,,260.6,41.923733577132225,-87.64707639813423,41.923754615709186,-87.64753019437194,max_heart_rate,95.0,114.0,133.0,152.0,171.0,00:01:17.954000,00:05:42.869000,00:33:07.225000,00:40:17.310000,00:02:04.002000
9708611576,Chicago Running,,uncategorized,,11,running,generic,4.1,0.4,2022-10-01 05:52:31.000000,2022-10-01 08:10:10.000000,02:17:33.777000,01:52:20.041000,10.00507051392,8619.0,142,168.0,,,1994,78.0,91.0,5.3440399674682615,8.014941564268112,62.3359581,55.774278300000006,260.6,,260.6,41.923647997900844,-87.64705443754792,41.922735795378685,-87.6453700941056,max_heart_rate,96.0,115.0,134.0,153.0,172.0,00:01:07.883000,00:08:29.367000,01:39:17.491000,00:03:13.672000,00:00:00.000000
10325644228,Chicago Running,,uncategorized,,3,running,generic,3.0,0.0,2023-01-17 05:37:15.000000,2023-01-17 06:08:36.000000,00:30:03.315000,00:30:03.315000,2.852951300256,2281.0,147,163.0,,,500,76.0,79.0,5.695239064533234,7.055296242132187,42.650918700000005,49.2125985,260.6,,260.6,41.923599634319544,-87.64703792519867,41.92512773908675,-87.64836084097624,max_heart_rate,95.0,114.0,133.0,152.0,171.0,00:00:35.342000,00:00:29.000000,00:21:48.662000,00:07:09.995000,00:00:00.000000
10218369457,Chicago Running,,uncategorized,,14,running,generic,4.4,0.4,2022-12-31 07:06:29.000000,2022-12-31 09:58:42.000000,02:52:10.700000,02:16:36.501000,13.110012690624,10213.0,152,176.0,,,2299,74.0,83.0,5.7578729994697575,8.849319016530991,88.5826773,91.8635172,260.6,,260.6,41.92384975031018,-87.64705485664308,41.92373005673289,-87.64680792577565,max_heart_rate,95.0,114.0,133.0,152.0,171.0,00:00:26.448000,00:02:28.335000,00:59:40.543000,01:11:29.063000,00:02:30.645000
9591077533,Chicago - september 12 workout,,uncategorized,,21,running,generic,4.1,0.0,2022-09-12 06:03:57.000000,2022-09-12 07:17:18.000000,01:13:10.955000,01:13:03.100000,6.4103262751039995,5376.0,140,154.0,,,1322,75.0,92.0,5.2657475487976075,8.871688355197907,22.9658793,26.2467192,260.6,,260.6,41.92389979027212,-87.64696114696562,41.921906070783734,-87.6484455820173,max_heart_rate,97.0,116.0,135.0,154.0,174.0,00:01:12.356000,00:13:44.862000,00:57:27.198000,00:00:03.000000,00:00:00.000000
9414738193,Chicago Running,,uncategorized,,7,running,generic,4.4,0.0,2022-08-16 06:09:10.000000,2022-08-16 07:18:35.000000,01:09:19.155000,01:08:02.168000,6.004570881504,5048.0,155,167.0,,,1120,73.0,81.0,5.294827742397309,7.744272193069458,13.1233596,19.6850394,84.2,77.0,82.4,41.923706252127886,-87.6470609754324,41.923752184957266,-87.64706935733557,max_heart_rate,97.0,116.0,135.0,154.0,174.0,00:00:28.105000,00:00:41.002000,00:15:52.354000,00:50:56.701000,00:00:00.000000
10212983039,Indoor Cycling,,uncategorized,,1,cycling,indoor_cycling,3.4,0.6,2022-12-30 11:46:21.000000,2022-12-30 12:34:35.000000,00:42:31.393000,00:42:31.393000,0.0,,148,173.0,,,725,,,0.0,,,,260.6,,260.6,,,,,max_heart_rate,95.0,114.0,133.0,152.0,171.0,00:00:07.000000,00:01:50.000000,00:18:33.999000,00:20:05.770000,00:00:31.000000
10397980850,Chicago Running,,uncategorized,,16,running,generic,4.7,0.3,2023-01-28 07:17:47.000000,2023-01-28 09:57:18.000000,02:39:26.755000,02:36:27.422000,15.027949463968,12048.0,155,174.0,,,2562,77.0,83.0,5.7623470805339805,8.72405061333084,180.44619450000002,193.5695541,260.6,,260.6,41.92374556325376,-87.64689107425511,41.92953234538436,-87.6436657179147,max_heart_rate,95.0,114.0,133.0,152.0,171.0,00:00:08.000000,00:00:24.999000,00:30:12.528000,02:05:21.604000,00:00:09.000000
10114460748,Chicago Running,,uncategorized,,12,running,generic,4.1,0.0,2022-12-10 08:05:51.000000,2022-12-10 10:05:57.000000,02:00:00.301000,01:58:53.577000,11.007926348448,9017.0,155,166.0,,,2042,76.0,79.0,5.554312177598954,8.516015177068711,85.30183740000001,98.425197,260.6,,260.6,41.923780431970954,-87.64695318415761,41.92832409404218,-87.64209738001227,max_heart_rate,95.0,114.0,133.0,152.0,171.0,00:00:08.344000,00:00:23.993000,00:26:56.352000,01:31:23.796000,00:00:00.000000
10280687449,Stair Stepper,,uncategorized,,1,fitness_equipment,stair_climbing,2.6,0.0,2023-01-10 06:51:21.000000,2023-01-10 07:07:12.000000,00:15:09.390000,00:15:09.390000,0.0,546.0,149,173.0,,,266,11.0,80.0,0.0,,,,260.6,,260.6,,,,,max_heart_rate,95.0,114.0,133.0,152.0,171.0,00:00:00.000000,00:01:07.022000,00:07:47.009000,00:05:45.999000,00:00:29.360000
9441271540,Chicago Running,,uncategorized,,10,running,generic,4.5,0.0,2022-08-20 06:25:06.000000,2022-08-20 08:26:31.000000,02:01:12.867000,01:52:26.234000,10.0003480928,8518.0,153,169.0,,,1814,75.0,80.0,5.3373291125354765,7.263331145067215,101.7060369,95.14435710000001,87.80000000000001,78.80000000000001,84.2,41.92366300150752,-87.6470607239753,41.92319386638701,-87.64758861623704,max_heart_rate,97.0,116.0,135.0,154.0,174.0,00:00:26.813000,00:02:43.726000,00:45:38.668000,01:03:21.514000,00:00:00.000000
9559542150,Chicago - Week 8: Wednesday,,uncategorized,,11,running,generic,4.6,0.0,2022-09-07 06:06:13.000000,2022-09-07 07:25:38.000000,01:19:13.783000,01:19:01.967000,6.9993302492959995,5768.0,147,169.0,,,1465,74.0,85.0,5.312723,6.6168565642681125,16.4041995,26.2467192,260.6,,260.6,41.923684207722545,-87.64703566208482,41.92213682457805,-87.64414055272937,max_heart_rate,97.0,116.0,135.0,154.0,174.0,00:00:21.000000,00:07:48.576000,00:45:47.360000,00:24:52.916000,00:00:00.000000
9629545417,Chicago Running,,uncategorized,,3,running,generic,2.7,0.0,2022-09-18 07:41:53.000000,2022-09-18 08:05:07.000000,00:23:11.422000,00:23:11.422000,2.0087004645279998,1749.0,142,153.0,,,410,79.0,87.0,5.196402225601196,8.09770806400299,3.2808399,9.8425197,260.6,,260.6,41.92364984191954,-87.64700640924275,41.92353157326579,-87.65053921379149,max_heart_rate,96.0,115.0,134.0,154.0,173.0,00:00:09.000000,00:01:22.001000,00:21:30.463000,00:00:00.000000,00:00:00.000000
10435674121,Chicago Running,,uncategorized,,5,running,generic,3.2,0.0,2023-02-03 06:02:37.000000,2023-02-03 06:49:43.000000,00:47:02.243000,00:46:39.222000,4.483913998592,3529.0,145,165.0,,,761,76.0,80.0,5.766821161598205,7.681638258132935,13.1233596,22.9658793,260.6,,260.6,41.92361597903073,-87.64701588079333,41.92422718741,-87.64637818560004,max_heart_rate,95.0,114.0,133.0,152.0,171.0,00:00:15.291000,00:02:38.000000,00:39:37.976000,00:04:07.469000,00:00:00.000000
9951408694,Chicago - Farlek 1,,uncategorized,,14,running,generic,3.8,1.1,2022-11-10 05:46:15.000000,2022-11-10 06:55:12.000000,01:08:49.223000,01:07:38.205000,6.312541089360001,4848.0,154,176.0,,,1197,71.0,81.0,5.599050854932785,7.784537322666169,91.8635172,62.3359581,260.6,,260.6,41.923701390624046,-87.6470300462097,41.925520934164524,-87.64456517994404,max_heart_rate,95.0,114.0,133.0,152.0,171.0,00:00:20.000000,00:07:00.741000,00:20:16.577000,00:33:46.756000,00:05:58.462000
9825113622,Chicago Running,,uncategorized,,9,running,generic,3.2,0.0,2022-10-20 06:04:35.000000,2022-10-20 07:39:48.000000,01:35:06.670000,01:35:06.670000,8.042047046303999,6999.0,141,167.0,,,1466,73.0,107.0,5.073370596269608,6.867393370668411,157.4803152,72.1784778,260.6,,260.6,41.922538401558995,-87.64478822238743,41.926830522716045,-87.64132590964437,max_heart_rate,95.0,114.0,133.0,152.0,171.0,00:00:53.159000,00:14:44.983000,01:11:05.994000,00:08:22.526000,00:00:00.000000
9819191699,Chicago Running,,uncategorized,,9,running,generic,3.2,0.0,2022-10-19 05:55:43.000000,2022-10-19 07:31:28.000000,01:35:40.619000,01:35:31.400000,8.007262686528,6970.0,140,163.0,,,1456,73.0,110.0,5.028631918935776,6.534090064533233,62.3359581,65.616798,260.6,,260.6,41.92368336953223,-87.64703406952322,41.93703616037965,-87.63674050569534,max_heart_rate,95.0,114.0,133.0,152.0,171.0,00:01:07.023000,00:16:55.001000,01:10:14.472000,00:07:05.014000,00:00:00.000000
9702434546,Chicago - september 30,,uncategorized,,15,running,generic,3.4,0.0,2022-09-30 05:55:43.000000,2022-09-30 07:06:10.000000,01:10:17.964000,01:09:23.327000,5.94863504608,5162.0,141,157.0,,,1193,75.0,86.0,5.142715919466019,6.283553258132935,45.9317586,49.2125985,260.6,,260.6,41.923685632646084,-87.64702744781971,41.925222370773554,-87.64631506986916,max_heart_rate,96.0,115.0,134.0,153.0,172.0,00:00:18.999000,00:10:34.804000,00:57:21.980000,00:00:46.225000,00:00:00.000000
10463113241,Chicago Walking,,uncategorized,,2,walking,generic,0.3,0.0,2023-02-07 09:14:07.000000,2023-02-07 09:39:53.000000,00:24:01.644000,00:23:24.296000,1.060003343792,1085.0,89,106.0,,,158,45.0,55.0,2.7178773146657944,5.093503161067963,22.9658793,42.650918700000005,260.6,,260.6,41.923609441146255,-87.64696248807013,41.923563843593,-87.64702887274325,max_heart_rate,95.0,114.0,133.0,152.0,171.0,00:03:49.999000,00:00:00.000000,00:00:00.000000,00:00:00.000000,00:00:00.000000
10018402364,Indoor Cycling,,uncategorized,,1,cycling,indoor_cycling,2.3,0.0,2022-11-22 06:31:39.000000,2022-11-22 07:16:58.000000,00:42:30.456000,00:42:30.456000,15.100003668319998,,127,158.0,,,552,,,21.31383400370978,,,,260.6,,260.6,,,,,max_heart_rate,95.0,114.0,133.0,152.0,171.0,00:07:53.634000,00:17:10.005000,00:16:47.816000,00:00:39.001000,00:00:00.000000
10280509279,Chicago Running,,uncategorized,,4,running,generic,3.0,0.0,2023-01-10 05:55:59.000000,2023-01-10 06:37:56.000000,00:40:35.470000,00:40:07.311000,3.7393000347839997,2971.0,147,164.0,,,665,73.0,77.0,5.59234,7.889673161067963,9.8425197,16.4041995,260.6,,260.6,41.92372050136328,-87.64702543616295,41.92519831471145,-87.64852713793516,max_heart_rate,95.0,114.0,133.0,152.0,171.0,00:00:14.143000,00:01:19.001000,00:28:34.033000,00:09:59.821000,00:00:00.000000
10254521292,Chicago Running,,uncategorized,,6,running,generic,3.6,0.0,2023-01-06 05:51:38.000000,2023-01-06 06:52:08.000000,01:00:27.501000,01:00:03.376000,5.674206455599999,4471.0,153,170.0,,,1024,74.0,79.0,5.668395644802094,7.619003789869309,65.616798,78.7401576,260.6,,260.6,41.92380364984274,-87.64699710533023,41.92422391846776,-87.64645043760538,max_heart_rate,95.0,114.0,133.0,152.0,171.0,00:00:07.001000,00:00:53.000000,00:18:43.215000,00:40:10.504000,00:00:00.000000
10013130920,Chicago Running,,uncategorized,,8,running,generic,4.1,0.0,2022-11-21 05:56:02.000000,2022-11-21 07:15:57.000000,01:19:53.050000,01:19:09.077000,7.481383812544,5959.0,157,170.0,,,1430,75.0,79.0,5.670632951997757,7.180564645332336,157.4803152,167.3228349,260.6,,260.6,41.92362637259066,-87.64703314751387,41.92379585467279,-87.64589882455766,max_heart_rate,95.0,114.0,133.0,152.0,171.0,00:00:18.002000,00:00:50.998000,00:17:14.311000,01:00:29.879000,00:00:00.000000
10123370097,Chicago Running,,uncategorized,,9,running,generic,3.8,0.0,2022-12-12 05:53:52.000000,2022-12-12 07:22:48.000000,01:28:50.922000,01:27:27.794000,8.127050626464001,6599.0,155,171.0,,,1540,75.0,86.0,5.574444742397309,8.76655198346901,137.7952758,144.3569556,260.6,,260.6,41.92367029376328,-87.64702627435327,41.92365939728916,-87.64637315645814,max_heart_rate,95.0,114.0,133.0,152.0,171.0,00:00:20.000000,00:01:32.001000,00:20:17.289000,01:05:00.828000,00:00:02.931000
10429034382,Strength,,uncategorized,,2,fitness_equipment,strength_training,0.4,0.0,2023-02-02 05:24:30.000000,2023-02-02 05:47:17.000000,00:22:42.706000,00:22:42.706000,0.0,97.0,103,133.0,,,179,,,0.0,,,,260.6,,260.6,,,,,max_heart_rate,95.0,114.0,133.0,152.0,171.0,00:14:30.392000,00:03:42.396000,00:00:04.000000,00:00:00.000000,00:00:00.000000
9802299384,Chicago Running,,uncategorized,,16,running,generic,4.4,0.0,2022-10-16 07:50:10.000000,2022-10-16 10:52:34.000000,03:02:20.553000,03:00:43.402000,15.008338988896,13138.0,141,161.0,,,2982,73.0,108.0,4.981656467733384,6.6369891290664675,88.5826773,104.9868768,260.6,,260.6,41.92378185689449,-87.64703591354191,41.92333267070353,-87.64858120121062,max_heart_rate,95.0,114.0,133.0,152.0,171.0,00:00:18.203000,00:28:54.865000,02:17:43.124000,00:13:46.309000,00:00:00.000000
10450250795,Chicago Running,,uncategorized,,10,running,generic,3.8,0.0,2023-02-05 08:03:16.000000,2023-02-05 09:37:13.000000,01:33:51.319000,01:32:44.499000,9.005004636079999,7219.0,148,161.0,,,1493,77.0,80.0,5.8249815487976075,8.09770806400299,150.9186354,154.19947530000002,260.6,,260.6,41.923685632646084,-87.6470432896167,41.92374757491052,-87.64587954618037,max_heart_rate,95.0,114.0,133.0,152.0,171.0,00:00:00.000000,00:01:00.543000,01:12:12.124000,00:19:30.917000,00:00:00.000000
10443531511,Chicago Running,,uncategorized,,18,running,generic,4.6,0.0,2023-02-04 07:15:50.000000,2023-02-04 10:15:50.000000,02:59:56.050000,02:56:53.551000,17.008650942223998,13537.0,147,159.0,,,2773,77.0,87.0,5.769057935466766,7.095560838401796,347.7690294,354.3307092,260.6,,260.6,41.92366358824074,-87.64713264070451,41.92364581860602,-87.6485938578844,max_heart_rate,95.0,114.0,133.0,152.0,171.0,00:00:09.206000,00:02:01.220000,02:35:59.029000,00:18:42.400000,00:00:00.000000
9933541847,Chicago Running,,uncategorized,,6,running,generic,3.4,0.0,2022-11-07 05:55:37.000000,2022-11-07 06:49:39.000000,00:53:58.658000,00:53:21.617000,5.0125517607039995,4065.0,147,171.0,,,927,76.0,79.0,5.6370786773338315,6.699623064002991,52.4934384,72.1784778,260.6,,260.6,41.923599718138576,-87.64710187911987,41.92364774644375,-87.64667096547782,max_heart_rate,95.0,114.0,133.0,152.0,171.0,00:00:21.002000,00:00:43.998000,00:37:46.251000,00:14:19.051000,00:00:01.001000
9579178634,Chicago Running,,uncategorized,,19,running,generic,5.0,0.2,2022-09-10 05:28:27.000000,2022-09-10 09:50:19.000000,04:21:45.782000,03:27:34.092000,18.018671186688,15732.0,149,171.0,,,3637,77.0,89.0,5.207587161598205,7.180564645332336,104.9868768,134.5144359,260.6,,260.6,41.92362830042839,-87.64701085165143,41.92349502816796,-87.6510945148766,max_heart_rate,97.0,116.0,135.0,154.0,174.0,00:00:21.595000,00:05:43.085000,02:22:37.626000,00:58:33.238000,00:00:00.000000
10156399865,Chicago Running,,uncategorized,,10,running,generic,4.2,0.0,2022-12-19 05:55:31.000000,2022-12-19 07:18:49.000000,01:22:57.863000,01:22:30.345000,8.005069246191999,6310.0,158,174.0,,,1435,77.0,93.0,5.820507467733384,9.914100710395813,59.0551182,55.774278300000006,260.6,,260.6,41.9237036537379,-87.64703675173223,41.92385067231953,-87.64637785032392,max_heart_rate,95.0,114.0,133.0,152.0,171.0,00:00:11.001000,00:01:47.598000,00:19:41.170000,00:56:34.211000,00:04:03.010000
9843284939,Chicago Running,,uncategorized,,6,running,generic,3.0,0.0,2022-10-23 07:38:33.000000,2022-10-23 08:37:03.000000,00:58:26.845000,00:57:55.865000,5.005244435392,4279.0,150,173.0,,,934,73.0,81.0,5.182980515735626,9.956602613861085,49.2125985,59.0551182,260.6,,260.6,41.92362134344876,-87.64696458354592,41.92593902349472,-87.64083833433688,max_heart_rate,95.0,114.0,133.0,152.0,171.0,00:00:08.008000,00:03:57.986000,00:22:05.930000,00:31:15.975000,00:00:23.970000
9407593361,Chicago Running,,uncategorized,,1,running,generic,0.0,0.0,2022-08-13 14:25:51.000000,2022-08-13 14:27:02.000000,00:01:05.151000,00:01:05.151000,0.019274934623999998,,77,80.0,,,4,,,1.0647815605330468,2.4203647903995513,0.0,0.0,91.4,89.6,89.6,41.92374992184341,-87.64701269567013,41.923935329541564,-87.64703071676195,max_heart_rate,,,,,,00:00:00.000000,00:00:00.000000,00:00:00.000000,00:00:00.000000,00:00:00.000000
9761402390,Chicago - Chicago Marathon,,race,,24,running,generic,5.0,1.4,2022-10-09 13:36:17.000000,2022-10-09 18:52:00.000000,05:15:19.714000,05:07:26.342000,26.157882047536,23253.0,151,169.0,,,5455,76.0,89.0,5.104688097064972,11.625356451732635,239.5013127,190.28871420000002,260.6,,260.6,41.8790799099952,-87.62079142034054,41.869692178443074,-87.6205946970731,max_heart_rate,96.0,115.0,134.0,153.0,172.0,00:00:07.096000,00:09:22.716000,02:36:36.762000,02:21:08.206000,00:00:00.000000
9727394352,Chicago - october 4,,uncategorized,,7,running,generic,4.3,0.2,2022-10-04 08:04:54.000000,2022-10-04 08:56:38.000000,00:51:34.923000,00:50:05.294000,4.82538232784,3788.0,154,175.0,,,1017,79.0,89.0,5.780242871463774,20.121239064002992,42.650918700000005,39.3700788,260.6,,260.6,41.92318364046514,-87.64680893160403,41.92566351033747,-87.64489391818643,max_heart_rate,96.0,115.0,134.0,153.0,172.0,00:00:14.629000,00:01:22.013000,00:13:17.438000,00:34:23.281000,00:00:43.004000
10338828880,Strength,,uncategorized,,1,fitness_equipment,strength_training,0.3,0.1,2023-01-19 05:43:03.000000,2023-01-19 06:04:40.000000,00:21:31.779000,00:21:31.779000,0.0,43.0,99,138.0,,,156,,,0.0,,,,260.6,,260.6,,,,,max_heart_rate,95.0,114.0,133.0,152.0,171.0,00:12:42.131000,00:01:58.936000,00:00:08.003000,00:00:00.000000,00:00:00.000000
10133176006,"Chicago - 1 on, 1 off",,uncategorized,,37,running,generic,4.2,0.7,2022-12-14 05:48:16.000000,2022-12-14 07:01:26.000000,01:12:56.754000,01:11:40.231000,7.154461783087999,5417.0,157,173.0,,,1348,76.0,84.0,5.990514548267365,9.392893999469758,213.2545935,193.5695541,260.6,,260.6,41.923709185793996,-87.64701537787914,41.923772133886814,-87.64658614061773,max_heart_rate,95.0,114.0,133.0,152.0,171.0,00:00:21.000000,00:01:53.322000,00:15:48.640000,00:50:22.392000,00:02:48.920000
10508655101,Treadmill Running,,uncategorized,,6,running,treadmill,3.7,2.0,2023-02-14 05:24:37.000000,2023-02-14 06:36:29.000000,01:11:17.662000,01:11:17.662000,6.150002810864,4962.0,153,184.0,,,1153,69.0,111.0,5.176269660802841,7.305833048532487,,,260.6,,260.6,,,,,max_heart_rate,95.0,114.0,133.0,152.0,171.0,00:00:44.636000,00:03:15.859000,00:20:44.005000,00:42:41.398000,00:03:51.001000
10508155413,Chicago Running,,uncategorized,,3,running,generic,2.6,0.0,2023-02-14 05:00:29.000000,2023-02-14 05:21:35.000000,00:20:30.902000,00:20:28.519000,2.0095144607999997,1541.0,141,152.0,,,340,75.0,78.0,5.887615483734131,7.055296242132187,6.5616798,6.5616798,260.6,,260.6,41.923614051193,-87.6469605602324,41.924398094415665,-87.64725853689015,max_heart_rate,95.0,114.0,133.0,152.0,171.0,00:00:17.428000,00:00:45.000000,00:19:06.955000,00:00:10.001000,00:00:00.000000
10228883953,Stair Stepper,,uncategorized,,1,fitness_equipment,stair_climbing,2.3,0.0,2023-01-02 08:32:06.000000,2023-01-02 08:42:22.000000,00:10:09.726000,00:10:09.726000,0.0,,153,165.0,,,184,,,0.0,,,,260.6,,260.6,,,,,max_heart_rate,95.0,114.0,133.0,152.0,171.0,00:00:00.000000,00:00:36.217000,00:03:09.000000,00:06:24.509000,00:00:00.000000
10528518253,Chicago Running,,uncategorized,,9,running,generic,3.3,0.0,2023-02-17 05:07:59.000000,2023-02-17 06:35:03.000000,01:27:00.719000,01:27:00.719000,8.005951593296,6754.0,140,148.0,,,1309,77.0,82.0,5.520757902935028,9.78883177386856,91.8635172,101.7060369,260.6,,260.6,41.92367892712355,-87.64706240035594,41.92550542764366,-87.64239401556551,max_heart_rate,95.0,114.0,133.0,152.0,171.0,00:00:27.999000,00:05:45.004000,01:20:28.312000,00:00:00.000000,00:00:00.000000
9690817573,Chicago - september 28,,uncategorized,,20,running,generic,4.1,0.2,2022-09-28 05:58:29.000000,2022-09-28 07:23:48.000000,01:25:05.907000,01:25:05.907000,7.340649449456,6102.0,143,170.0,,,1524,75.0,94.0,5.176269660802841,7.012794338666916,72.1784778,101.7060369,260.6,,260.6,41.9237522687763,-87.64701562933624,41.923715053126216,-87.64687338843942,max_heart_rate,96.0,115.0,134.0,154.0,173.0,00:03:21.091000,00:14:40.741000,00:46:30.050000,00:20:08.994000,00:00:00.000000
10521831511,Strength,,uncategorized,,1,fitness_equipment,strength_training,0.3,0.0,2023-02-16 05:09:13.000000,2023-02-16 05:33:50.000000,00:24:33.678000,00:24:33.678000,0.0,226.0,95,124.0,,,159,,,0.0,,,,260.6,,260.6,,,,,max_heart_rate,95.0,114.0,133.0,152.0,171.0,00:11:01.996000,00:02:10.233000,00:00:00.000000,00:00:00.000000,00:00:00.000000
9407593073,Running,,uncategorized,,1,running,generic,0.0,0.0,2022-08-13 13:56:24.000000,2022-08-13 13:56:57.000000,00:00:25.006000,00:00:25.006000,0.0,7.0,83,96.0,,,2,3.0,42.0,0.0,0.0,0.0,0.0,89.6,89.6,89.6,,,,,max_heart_rate,,,,,,00:00:00.000000,00:00:00.000000,00:00:00.000000,00:00:00.000000,00:00:00.000000
9970099393,Sylvania Running,,uncategorized,,11,running,generic,4.8,0.0,2022-11-13 08:09:37.000000,2022-11-13 09:54:52.000000,01:45:10.645000,01:44:26.975000,10.003933404624,7915.0,160,170.0,,,1935,76.0,91.0,5.746688596799849,6.554222629331589,278.8713915,291.99475110000003,260.6,,260.6,41.67772086337209,-83.66608721204102,41.678273901343346,-83.66605871357024,max_heart_rate,95.0,114.0,133.0,152.0,171.0,00:00:21.999000,00:00:14.999000,00:07:47.971000,01:35:52.030000,00:00:00.000000
10406651068,Chicago Running,,uncategorized,,10,running,generic,4.2,0.0,2023-01-29 13:15:18.000000,2023-01-29 14:49:36.000000,01:34:13.818000,01:32:04.738000,9.301560254992,7107.0,156,172.0,,,1590,77.0,82.0,6.062096645332336,7.28346370986557,121.39107630000001,141.0761157,260.6,,260.6,41.92365579307079,-87.64701319858432,41.923654954880476,-87.64678252860904,max_heart_rate,95.0,114.0,133.0,152.0,171.0,00:00:14.112000,00:00:43.682000,00:11:35.340000,01:19:09.399000,00:00:10.999000
9508815853,Week 3 Buildup Circuits,,uncategorized,,17,running,treadmill,3.8,0.4,2022-08-30 11:33:36.000000,2022-08-30 12:26:20.000000,00:52:03.247000,00:52:03.247000,4.10999766528,3572.0,155,167.0,,,931,67.0,79.0,4.737830516265869,5.2187715642681125,,,86.0,80.6,84.2,,,,,max_heart_rate,97.0,116.0,135.0,154.0,174.0,00:00:13.137000,00:00:08.999000,00:15:14.667000,00:36:12.591000,00:00:00.000000
9899353420,Chicago Walking,,uncategorized,,2,walking,generic,0.3,0.0,2022-11-01 11:00:59.000000,2022-11-01 11:24:34.000000,00:21:07.692000,00:21:07.692000,1.0492225534719999,1030.0,92,104.0,,,156,46.0,54.0,2.9795987903995513,9.51816293599701,62.3359581,3.2808399,260.6,,260.6,41.92451627925038,-87.64785063453019,41.92358521744609,-87.64696332626045,max_heart_rate,95.0,114.0,133.0,152.0,171.0,00:06:30.562000,00:00:00.000000,00:00:00.000000,00:00:00.000000,00:00:00.000000
9604269820,Chicago - September 14 Workout,,uncategorized,,16,running,generic,4.1,0.6,2022-09-14 06:00:12.000000,2022-09-14 07:09:44.000000,01:09:21.708000,01:08:47.382000,6.191460697328,4929.0,143,166.0,,,1256,75.0,120.0,5.399963580799103,8.07757603253174,9.8425197,22.9658793,260.6,,260.6,41.92379677668214,-87.64704865403473,41.92369719967246,-87.64677590690553,max_heart_rate,97.0,116.0,135.0,154.0,174.0,00:00:56.080000,00:12:37.233000,00:37:59.405000,00:16:48.850000,00:00:00.000000
9751956457,Chicago Running,,uncategorized,,4,running,generic,3.3,0.0,2022-10-08 08:03:39.000000,2022-10-08 08:37:01.000000,00:33:13.627000,00:32:54.184000,3.0047957804,2502.0,147,161.0,,,628,79.0,88.0,5.4782559994697575,8.39074677386856,3.2808399,6.5616798,260.6,,260.6,41.923721339553595,-87.6470623165369,41.92426926456392,-87.64767218381166,max_heart_rate,96.0,115.0,134.0,153.0,172.0,00:00:11.999000,00:00:52.000000,00:27:41.147000,00:04:04.916000,00:00:00.000000
9520204513,Indoor Cycling,,uncategorized,,3,cycling,indoor_cycling,2.1,0.2,2022-09-01 06:30:03.000000,2022-09-01 07:15:42.000000,00:45:01.534000,00:45:01.534000,0.0,,126,156.0,,,547,,,0.0,,,,89.6,78.80000000000001,84.2,,,,,max_heart_rate,97.0,116.0,135.0,154.0,174.0,00:04:45.915000,00:27:05.614000,00:10:58.002000,00:00:14.001000,00:00:00.000000
10247949132,Stair Stepper,,uncategorized,,1,fitness_equipment,stair_climbing,2.6,0.0,2023-01-05 06:04:53.000000,2023-01-05 06:20:20.000000,00:15:08.938000,00:15:08.938000,0.0,486.0,149,171.0,,,262,10.0,80.0,0.0,,,,260.6,,260.6,,,,,max_heart_rate,95.0,114.0,133.0,152.0,171.0,00:00:42.000000,00:02:49.652000,00:03:05.999000,00:08:28.287000,00:00:03.000000
9674110369,Chicago Running,,uncategorized,,3,running,generic,3.1,0.0,2022-09-25 09:36:39.000000,2022-09-25 09:57:47.000000,00:21:00.890000,00:20:25.298000,2.0071843188,1546.0,149,161.0,,,405,77.0,87.0,5.8965631125354765,6.719755628801346,0.0,3.2808399,260.6,,260.6,41.92357297986746,-87.64704907312989,41.92828302271664,-87.65296585857868,max_heart_rate,96.0,115.0,134.0,154.0,173.0,00:00:11.322000,00:00:22.000000,00:16:32.634000,00:03:19.340000,00:00:00.000000
9407593614,Cycling,,uncategorized,,1,cycling,generic,0.0,0.0,2022-08-13 15:17:16.000000,2022-08-13 15:17:42.000000,00:00:19.993000,00:00:19.993000,0.0,,73,77.0,,,1,,,0.0,,0.0,0.0,89.6,89.6,89.6,,,,,max_heart_rate,,,,,,00:00:00.000000,00:00:00.000000,00:00:00.000000,00:00:00.000000,00:00:00.000000
9714952085,Chicago Running,,uncategorized,,3,running,generic,3.0,0.0,2022-10-02 07:31:35.000000,2022-10-02 07:53:17.000000,00:21:36.027000,00:21:36.027000,2.0039594022719998,1654.0,153,162.0,,,425,81.0,88.0,5.56549658026886,6.7622575322666165,0.0,9.8425197,260.6,,260.6,41.92376115359366,-87.64703130349517,41.923491675406694,-87.65174008905888,max_heart_rate,96.0,115.0,134.0,153.0,172.0,00:00:04.876000,00:00:31.003000,00:07:45.999000,00:13:14.147000,00:00:00.000000
9789066711,Chicago - oct 14,,uncategorized,,18,running,generic,4.1,0.5,2022-10-14 08:16:21.000000,2022-10-14 09:21:35.000000,01:05:06.342000,01:03:06.837000,5.836471330767999,4679.0,150,173.0,,,1225,78.0,93.0,5.547601322666169,8.661416145067214,52.4934384,55.774278300000006,260.6,,260.6,41.92358002066612,-87.64710808172822,41.924205645918846,-87.64695947058499,max_heart_rate,96.0,115.0,134.0,153.0,172.0,00:00:13.069000,00:06:22.656000,00:25:57.572000,00:30:25.301000,00:00:05.000000
9836846890,Chicago Running,,uncategorized,,11,running,generic,4.0,0.0,2022-10-22 07:00:16.000000,2022-10-22 08:46:49.000000,01:46:30.345000,01:45:47.793000,10.00693462752,7848.0,153,172.0,,,1830,74.0,110.0,5.675106499734879,8.39074677386856,131.233596,157.4803152,260.6,,260.6,41.923757968470454,-87.64708377420902,41.925142742693424,-87.6482072006911,max_heart_rate,95.0,114.0,133.0,152.0,171.0,00:00:01.977000,00:08:44.318000,00:37:36.061000,00:58:17.069000,00:01:08.357000
10147826129,Chicago Running,,uncategorized,,13,running,generic,4.4,0.2,2022-12-17 07:03:09.000000,2022-12-17 09:45:07.000000,02:41:53.049000,02:06:50.836000,12.155375261216,9973.0,156,174.0,,,2170,78.0,84.0,5.748925370668411,7.681638258132935,193.5695541,196.850394,260.6,,260.6,41.923718405887485,-87.6469795871526,41.922962525859475,-87.64630819670856,max_heart_rate,95.0,114.0,133.0,152.0,171.0,00:00:24.059000,00:01:59.175000,00:32:58.928000,01:30:44.062000,00:00:43.457000
10390445051,Chicago Running,,uncategorized,,8,running,generic,3.8,0.0,2023-01-27 05:56:38.000000,2023-01-27 07:12:01.000000,01:15:17.985000,01:14:42.371000,7.185008391279999,5735.0,154,169.0,,,1263,77.0,83.0,5.7712947093353275,6.742124967468262,154.19947530000002,144.3569556,260.6,,260.6,41.92365814000368,-87.64706633985043,41.923371478915215,-87.6463460829109,max_heart_rate,95.0,114.0,133.0,152.0,171.0,00:00:12.057000,00:01:51.646000,00:16:10.876000,00:56:16.462000,00:00:00.000000
10383793237,Strength,,uncategorized,,1,fitness_equipment,strength_training,0.8,0.0,2023-01-26 05:23:59.000000,2023-01-26 05:52:48.000000,00:28:46.323000,00:28:46.323000,0.0,37.0,110,142.0,,,254,,,0.0,,,,260.6,,260.6,,,,,max_heart_rate,95.0,114.0,133.0,152.0,171.0,00:18:20.332000,00:07:54.991000,00:00:45.000000,00:00:00.000000,00:00:00.000000
10072003465,Chicago Running,,uncategorized,,7,running,generic,3.5,0.0,2022-12-02 05:53:23.000000,2022-12-02 07:05:39.000000,01:12:07.371000,01:11:20.967000,6.610202749008,5374.0,154,171.0,,,1235,75.0,78.0,5.558785725336075,6.6571216938648226,121.39107630000001,108.26771670000001,260.6,,260.6,41.92358228377998,-87.64701613225043,41.923952009528875,-87.64641079120338,max_heart_rate,95.0,114.0,133.0,152.0,171.0,00:00:15.001000,00:02:16.000000,00:24:41.598000,00:43:57.506000,00:00:00.998000
9854294784,Chicago Running,,uncategorized,,7,running,generic,3.0,0.1,2022-10-25 05:55:12.000000,2022-10-25 07:08:36.000000,01:13:20.959000,01:12:17.812000,6.005546434287999,5245.0,142,170.0,,,1109,72.0,107.0,4.983893241601944,7.388599548267365,65.616798,59.0551182,260.6,,260.6,41.923855785280466,-87.64704974368215,41.92473638802767,-87.6401966996491,max_heart_rate,95.0,114.0,133.0,152.0,171.0,00:00:40.664000,00:14:29.950000,00:45:36.117000,00:11:23.258000,00:00:00.000000
10423158591,Chicago Running,,uncategorized,,9,running,generic,3.9,0.0,2023-02-01 06:01:51.000000,2023-02-01 07:26:00.000000,01:24:04.343000,01:22:28.723000,8.192822767984,6334.0,148,171.0,,,1377,77.0,80.0,5.959197580799103,8.68378548373413,95.14435710000001,101.7060369,260.6,,260.6,41.923652021214366,-87.64702057465911,41.92563995718956,-87.64639427885413,max_heart_rate,95.0,114.0,133.0,152.0,171.0,00:00:11.999000,00:03:50.009000,00:42:36.830000,00:35:37.628000,00:00:01.000000
9881167791,Chicago - Lakeshore 50/50 Ultramarathon,,race,,32,running,generic,5.0,0.2,2022-10-29 08:00:08.000000,2022-10-29 15:10:07.000000,07:08:07.799000,06:18:18.340000,31.446043004,27761.0,146,180.0,,,5652,73.0,109.0,4.988367322666169,7.70177082293129,311.6797905,252.62467230000001,260.6,,260.6,41.97722001001239,-87.6484125573188,41.97731346823275,-87.64821650460362,max_heart_rate,95.0,114.0,133.0,152.0,171.0,00:01:36.569000,00:39:48.469000,03:53:21.737000,01:37:07.604000,00:06:13.397000
9467636244,Indoor Cycling,,uncategorized,,1,cycling,indoor_cycling,3.2,0.1,2022-08-24 06:33:05.000000,2022-08-24 07:13:12.000000,00:39:49.362000,00:39:49.362000,0.0,,146,175.0,,,652,,,0.0,,,,89.6,80.6,86.0,,,,,max_heart_rate,97.0,116.0,135.0,154.0,174.0,00:00:12.001000,00:06:43.993000,00:17:58.005000,00:13:35.001000,00:00:06.764000
9953943738,Chicago Walking,,uncategorized,,2,walking,generic,0.5,0.0,2022-11-10 14:22:53.000000,2022-11-10 14:51:10.000000,00:28:14.610000,00:28:14.610000,1.506992930224,1426.0,104,113.0,,,233,50.0,54.0,3.2010554032001495,4.757963081064224,9.8425197,9.8425197,260.6,,260.6,41.92390272393823,-87.64712945558131,41.92362176254392,-87.64715569093823,max_heart_rate,95.0,114.0,133.0,152.0,171.0,00:27:45.912000,00:00:00.000000,00:00:00.000000,00:00:00.000000,00:00:00.000000
10462232767,Chicago Running,,uncategorized,,9,running,generic,3.9,2.3,2023-02-07 05:35:38.000000,2023-02-07 07:13:13.000000,01:37:31.018000,01:23:26.238000,8.006013730415999,6290.0,148,194.0,,,1348,75.0,80.0,5.7578729994697575,12.209197097595215,154.19947530000002,164.04199500000001,260.6,,260.6,41.92367850802839,-87.64700992964208,41.92012349143624,-87.64848992228508,max_heart_rate,95.0,114.0,133.0,152.0,171.0,00:00:19.001000,00:04:30.418000,00:59:40.442000,00:12:12.991000,00:04:24.529000
10268696674,Chicago Running,,uncategorized,,7,running,generic,3.3,0.0,2023-01-08 07:49:16.000000,2023-01-08 08:54:45.000000,01:05:26.128000,01:05:26.128000,6.005602357696,5033.0,150,163.0,,,1070,77.0,80.0,5.507336193069458,6.7622575322666165,59.0551182,55.774278300000006,260.6,,260.6,41.92357272841036,-87.64704245142639,41.926801186054945,-87.64628271572292,max_heart_rate,95.0,114.0,133.0,152.0,171.0,00:00:09.442000,00:00:11.000000,00:42:52.132000,00:22:13.136000,00:00:00.000000
9616671247,Chicago - september 12 workout,,uncategorized,,21,running,generic,3.8,0.3,2022-09-16 05:54:46.000000,2022-09-16 07:07:47.000000,01:12:39.040000,01:12:36.721000,6.2699212387520005,5273.0,143,162.0,,,1281,74.0,87.0,5.180743741867065,8.328112838932038,16.4041995,19.6850394,260.6,,260.6,41.923671551048756,-87.64690632931888,41.923787388950586,-87.64465503394604,max_heart_rate,96.0,115.0,134.0,154.0,173.0,00:00:29.000000,00:10:45.729000,00:55:13.772000,00:05:40.801000,00:00:00.000000
10554882380,Treadmill Running,,uncategorized,,6,running,treadmill,2.7,0.7,2023-02-21 05:28:31.000000,2023-02-21 06:40:47.000000,01:11:43.413000,01:11:00.265000,5.999997589472,4744.0,136,180.0,,,841,66.0,79.0,5.0711338224010465,6.261183919466018,,,260.6,,260.6,,,,,max_heart_rate,95.0,114.0,133.0,152.0,171.0,00:06:08.021000,00:18:31.995000,00:39:32.548000,00:05:42.110000,00:00:59.000000
10364637240,Chicago Running,,uncategorized,,7,running,generic,3.4,0.0,2023-01-23 05:55:48.000000,2023-01-23 07:01:34.000000,01:05:42.678000,01:04:55.991000,6.006043531248,5082.0,147,169.0,,,1057,78.0,82.0,5.549838096534729,7.11793017706871,68.8976379,75.4593177,260.6,,260.6,41.92371362820268,-87.6470073312521,41.92649181000888,-87.646349016577,max_heart_rate,95.0,114.0,133.0,152.0,171.0,00:00:10.018000,00:01:36.395000,00:49:34.155000,00:13:34.402000,00:00:00.000000
10482081678,Chicago Running,,uncategorized,,7,running,generic,3.5,0.0,2023-02-10 05:49:04.000000,2023-02-10 06:51:51.000000,01:02:43.680000,01:01:27.322000,6.004601950063999,4672.0,145,163.0,,,1001,76.0,79.0,5.863009371198654,14.19335845067215,62.3359581,72.1784778,260.6,,260.6,41.92355562932789,-87.64643945731223,41.92369275726378,-87.64817501418293,max_heart_rate,95.0,114.0,133.0,152.0,171.0,00:00:23.529000,00:07:32.750000,00:33:20.844000,00:20:09.764000,00:00:00.000000
10098304277,Chicago - Ladder Run,,uncategorized,,14,running,generic,4.2,0.0,2022-12-07 05:55:51.000000,2022-12-07 07:08:17.000000,01:12:18.403000,01:11:30.335000,7.052059809328,5483.0,160,175.0,,,1334,76.0,100.0,5.9166956773338315,7.388599548267365,62.3359581,52.4934384,260.6,,260.6,41.92363919690251,-87.64701822772622,41.92547005601227,-87.64607115648687,max_heart_rate,95.0,114.0,133.0,152.0,171.0,00:00:10.001000,00:03:02.006000,00:13:53.442000,00:45:54.024000,00:08:22.927000
10352621692,Chicago Running,,uncategorized,,11,running,generic,4.0,0.0,2023-01-21 06:11:36.000000,2023-01-21 08:45:43.000000,02:34:01.152000,01:46:43.015000,10.495276467312001,8201.0,151,173.0,,,1823,77.0,80.0,5.901037193599701,8.829186451732635,98.425197,104.9868768,260.6,,260.6,41.92366249859333,-87.64704261906445,41.91370949149132,-87.63092413544655,max_heart_rate,95.0,114.0,133.0,152.0,171.0,00:00:38.387000,00:03:06.051000,00:54:59.388000,00:47:23.036000,00:00:25.000000
10475325838,Strength,,uncategorized,,1,fitness_equipment,strength_training,0.3,0.0,2023-02-09 05:22:27.000000,2023-02-09 05:48:22.000000,00:25:20.364000,00:25:20.364000,0.0,124.0,95,123.0,,,164,,,0.0,,,,260.6,,260.6,,,,,max_heart_rate,95.0,114.0,133.0,152.0,171.0,00:12:01.220000,00:02:01.143000,00:00:00.000000,00:00:00.000000,00:00:00.000000
10067004235,Indoor Cycling,,uncategorized,,1,cycling,indoor_cycling,4.3,1.7,2022-12-01 06:34:46.000000,2022-12-01 07:24:30.000000,00:48:44.709000,00:48:44.709000,0.0,,160,182.0,,,954,,,0.0,,,,260.6,,260.6,,,,,max_heart_rate,95.0,114.0,133.0,152.0,171.0,00:00:58.005000,00:02:41.999000,00:07:48.002000,00:25:07.997000,00:12:08.706000
9460416326,Chicago - Buildup Week 2,,uncategorized,,17,running,generic,2.9,0.0,2022-08-23 06:11:58.000000,2022-08-23 06:50:23.000000,00:38:16.642000,00:38:04.713000,3.1542541951359997,2558.0,138,163.0,,,558,66.0,78.0,4.970471531736374,8.849319016530991,3.2808399,3.2808399,86.0,75.2,78.80000000000001,41.92366995848715,-87.64687741175294,41.9236935954541,-87.64731536619365,max_heart_rate,97.0,116.0,135.0,154.0,174.0,00:00:27.999000,00:13:30.282000,00:18:20.889000,00:05:18.744000,00:00:00.000000
9430591357,Treadmill Running,,uncategorized,,3,running,treadmill,3.9,2.0,2022-08-18 13:18:52.000000,2022-08-18 13:42:40.000000,00:23:08.691000,00:22:17.690000,1.609997634048,1453.0,152,176.0,,,379,64.0,90.0,4.33294511306572,5.990514548267365,,,84.2,80.6,80.6,,,,,max_heart_rate,97.0,116.0,135.0,154.0,174.0,00:00:12.002000,00:01:10.999000,00:09:22.061000,00:10:33.108000,00:00:24.999000
10228799255,Chicago - Dec 5,,uncategorized,,9,running,generic,4.0,0.0,2023-01-02 07:22:23.000000,2023-01-02 08:29:40.000000,01:07:04.933000,01:06:52.728000,6.578220773344,5114.0,157,169.0,,,1183,76.0,80.0,5.901037193599701,7.095560838401796,62.3359581,68.8976379,260.6,,260.6,41.92371312528849,-87.64694832265377,41.924482164904475,-87.6472626440227,max_heart_rate,95.0,114.0,133.0,152.0,171.0,00:00:08.691000,00:00:18.000000,00:15:31.963000,00:50:53.182000,00:00:00.000000
10416252731,Chicago Running,,uncategorized,,7,running,generic,3.6,0.0,2023-01-31 05:52:06.000000,2023-01-31 06:58:02.000000,01:05:51.349000,01:05:12.008000,6.320699693216,5008.0,151,171.0,,,1087,77.0,80.0,5.816033386669159,6.887525935466767,68.8976379,62.3359581,260.6,,260.6,41.92366685718298,-87.64694212004542,41.92387841641903,-87.64643333852291,max_heart_rate,95.0,114.0,133.0,152.0,171.0,00:00:08.695000,00:00:36.002000,00:27:19.013000,00:37:06.404000,00:00:01.000000
10095306953,Treadmill Running,,uncategorized,,2,running,treadmill,2.2,0.0,2022-12-06 14:42:23.000000,2022-12-06 15:13:40.000000,00:30:56.074000,00:30:56.074000,1.470002702688,1592.0,127,173.0,,,407,49.0,107.0,2.85209334666729,8.328112838932038,,,260.6,,260.6,,,,,max_heart_rate,95.0,114.0,133.0,152.0,171.0,00:06:15.634000,00:11:13.995000,00:11:07.006000,00:01:11.999000,00:00:19.001000
10554365902,Chicago Running,,uncategorized,,3,running,generic,2.4,0.0,2023-02-21 05:04:27.000000,2023-02-21 05:25:51.000000,00:21:20.778000,00:21:20.778000,2.003940761136,1640.0,137,150.0,,,333,77.0,80.0,5.632604596269607,6.804759435731888,39.3700788,36.0892389,260.6,,260.6,41.92358907312155,-87.64702912420034,41.92491282708943,-87.64806169085205,max_heart_rate,95.0,114.0,133.0,152.0,171.0,00:00:03.000000,00:01:39.992000,00:18:58.270000,00:00:00.000000,00:00:00.000000
9546597493,Chicago - Chicago Prep Week 8,,uncategorized,,17,running,generic,3.7,0.2,2022-09-05 08:06:43.000000,2022-09-05 09:06:33.000000,00:59:40.899000,00:59:02.694000,5.025706189008,4118.0,142,161.0,,,1030,73.0,88.0,5.106924870933533,7.263331145067215,9.8425197,13.1233596,260.6,,260.6,41.923627546057105,-87.6469655893743,41.925520934164524,-87.64467389322817,max_heart_rate,97.0,116.0,135.0,154.0,174.0,00:00:31.000000,00:13:57.521000,00:36:21.828000,00:07:47.977000,00:00:00.000000
9678719760,Chicago - taper september 26,,uncategorized,,13,running,generic,3.8,0.0,2022-09-26 05:58:34.000000,2022-09-26 07:09:11.000000,01:10:25.905000,01:10:01.303000,6.188844724576,5224.0,144,162.0,,,1256,78.0,88.0,5.303775371198654,6.824892000530244,55.774278300000006,72.1784778,260.6,,260.6,41.923775654286146,-87.64693750999868,41.93134811706841,-87.63968230225146,max_heart_rate,96.0,115.0,134.0,154.0,173.0,00:00:17.000000,00:06:21.969000,00:58:31.144000,00:04:35.672000,00:00:00.000000
9487581647,Chicago Running,,uncategorized,,13,running,generic,4.3,0.0,2022-08-27 05:33:44.000000,2022-08-27 08:21:34.000000,02:47:45.309000,02:13:59.581000,12.007308717968,10050.0,155,169.0,,,2206,74.0,81.0,5.377594242132187,6.534090064533233,95.14435710000001,88.5826773,89.6,75.2,80.6,41.9236692879349,-87.64690423384309,41.92391018383205,-87.64636318199337,max_heart_rate,97.0,116.0,135.0,154.0,174.0,00:00:48.452000,00:03:26.497000,00:43:11.474000,01:26:19.478000,00:00:00.000000
9939664336,Indoor Cycling,,uncategorized,,1,cycling,indoor_cycling,3.1,1.4,2022-11-08 06:31:45.000000,2022-11-08 07:17:33.000000,00:44:59.172000,00:44:59.172000,0.0,,140,172.0,,,714,,,0.0,,,,260.6,,260.6,,,,,max_heart_rate,95.0,114.0,133.0,152.0,171.0,00:02:46.999000,00:07:08.999000,00:23:42.003000,00:09:58.308000,00:00:19.998000
9812610543,Chicago Running,,uncategorized,,6,running,generic,2.7,0.0,2022-10-18 06:01:57.000000,2022-10-18 07:04:01.000000,01:01:57.326000,01:01:06.503000,5.006306980144,4404.0,142,160.0,,,924,72.0,107.0,4.914548451732635,8.285610935466767,164.04199500000001,177.1653546,260.6,,260.6,41.92363022826612,-87.64704437926412,41.929096234962344,-87.64547914266586,max_heart_rate,95.0,114.0,133.0,152.0,171.0,00:00:17.927000,00:09:33.315000,00:46:22.128000,00:04:46.985000,00:00:00.000000
10490103243,Chicago Running,,uncategorized,,21,running,generic,5.0,0.0,2023-02-11 06:31:13.000000,2023-02-11 10:10:59.000000,03:39:42.843000,03:29:54.470000,20.004933937184,16169.0,148,170.0,,,3305,77.0,80.0,5.71760840320015,8.245346339197159,236.2204728,262.467192,260.6,,260.6,41.92368202842772,-87.64698578976095,41.923764338716865,-87.647754997015,max_heart_rate,95.0,114.0,133.0,152.0,171.0,00:00:00.000000,00:04:37.499000,02:31:23.408000,00:53:51.389000,00:00:00.000000
9500100448,Chicago - Week 3 Buildup Circuits,,uncategorized,,18,running,generic,3.1,0.1,2022-08-29 06:03:48.000000,2022-08-29 06:56:36.000000,00:52:40.507000,00:52:11.873000,4.309650445552,3565.0,145,162.0,,,783,67.0,78.0,4.954813048002243,6.471455596269608,13.1233596,19.6850394,87.80000000000001,82.4,86.0,41.92370289936662,-87.64700699597597,41.9235899951309,-87.6483678817749,max_heart_rate,97.0,116.0,135.0,154.0,174.0,00:00:18.000000,00:12:25.555000,00:20:57.913000,00:18:15.757000,00:00:00.000000
10188960118,Running,,uncategorized,,11,running,generic,4.2,0.0,2022-12-26 07:20:23.000000,2022-12-26 09:21:02.000000,02:00:34.712000,01:48:37.116000,10.004231662799999,8209.0,160,172.0,,,1841,75.0,80.0,5.5252319839992525,6.386452322666169,134.5144359,127.9527561,260.6,,260.6,12.584594618529081,-70.03169618546963,12.58426814340055,-70.03209390677512,max_heart_rate,95.0,114.0,133.0,152.0,171.0,00:00:16.109000,00:00:49.109000,00:09:40.025000,01:37:34.004000,00:00:16.940000
10300194649,Chicago Running,,uncategorized,,6,running,generic,3.2,0.0,2023-01-13 05:53:38.000000,2023-01-13 06:48:51.000000,00:55:09.352000,00:54:23.026000,5.00582852432,4125.0,147,169.0,,,874,76.0,83.0,5.522995210130691,7.032926903465272,131.233596,141.0761157,260.6,,260.6,41.92372351884842,-87.6469967700541,41.92377783358097,-87.64462385326624,max_heart_rate,95.0,114.0,133.0,152.0,171.0,00:00:13.001000,00:01:57.438000,00:33:54.610000,00:18:03.114000,00:00:00.000000
10475601719,Stair Stepper,,uncategorized,,1,fitness_equipment,stair_climbing,3.2,0.0,2023-02-09 05:48:32.000000,2023-02-09 06:29:39.000000,00:40:37.584000,00:40:37.584000,0.0,1044.0,146,167.0,,,660,6.0,79.0,0.0,,,,260.6,,260.6,,,,,max_heart_rate,95.0,114.0,133.0,152.0,171.0,00:00:31.810000,00:01:34.099000,00:24:23.900000,00:13:42.774000,00:00:00.000000
9397910379,Running,,uncategorized,,1,running,generic,0.0,0.0,2022-08-13 14:23:16.000000,2022-08-13 14:23:47.000000,00:00:25.041000,00:00:16.616000,0.0,,80,83.0,,,1,,,0.0,0.0,0.0,0.0,89.6,89.6,89.6,,,,,max_heart_rate,,,,,,00:00:00.000000,00:00:00.000000,00:00:00.000000,00:00:00.000000,00:00:00.000000
10023826042,Chicago - nov 23 speed work,,uncategorized,,26,running,generic,3.8,0.4,2022-11-23 05:52:15.000000,2022-11-23 07:07:01.000000,01:14:36.888000,01:13:45.685000,6.6208654788,5146.0,151,179.0,,,1240,69.0,83.0,5.386541870933533,7.972439660802841,62.3359581,65.616798,260.6,,260.6,41.92364011891186,-87.64702719636261,41.92386911250651,-87.64637751504779,max_heart_rate,95.0,114.0,133.0,152.0,171.0,00:00:23.996000,00:11:46.683000,00:23:21.249000,00:28:30.777000,00:09:17.850000
9513668357,Chicago - wednesday speed circuit,,uncategorized,,13,running,generic,3.1,0.0,2022-08-31 06:14:58.000000,2022-08-31 07:17:46.000000,01:02:35.452000,01:01:26.891000,5.071843000608,4375.0,141,159.0,,,907,70.0,78.0,4.9525762741336825,6.198549451202393,9.8425197,16.4041995,86.0,77.0,78.80000000000001,41.92361203953624,-87.6470437925309,41.922672260552645,-87.64735568314791,max_heart_rate,97.0,116.0,135.0,154.0,174.0,00:01:20.004000,00:10:25.588000,00:47:16.932000,00:02:07.018000,00:00:00.000000
10469216562,Chicago Running,,uncategorized,,11,running,generic,3.8,0.0,2023-02-08 05:35:39.000000,2023-02-08 07:19:34.000000,01:43:51.459000,01:42:14.910000,10.003871267504,7850.0,143,159.0,,,1622,77.0,80.0,5.869720226131439,8.160342532266617,68.8976379,78.7401576,260.6,,260.6,41.92361027933657,-87.64703214168549,41.92376693710685,-87.64712962321937,max_heart_rate,95.0,114.0,133.0,152.0,171.0,00:00:19.723000,00:08:08.603000,01:26:40.505000,00:06:55.221000,00:00:00.000000
10166176240,Chicago - repeats,,uncategorized,,22,running,generic,3.8,0.3,2022-12-21 05:58:04.000000,2022-12-21 07:18:55.000000,01:20:42.680000,01:20:23.193000,7.57634797304,5735.0,148,175.0,,,1320,71.0,81.0,5.654974468263626,8.746419951997757,62.3359581,52.4934384,260.6,,260.6,41.923606088384986,-87.64697221107781,41.92384916357696,-87.64632739126682,max_heart_rate,95.0,114.0,133.0,152.0,171.0,00:00:14.016000,00:12:45.180000,00:34:14.608000,00:31:45.214000,00:00:54.998000
10589116165,Chicago Running,,uncategorized,,16,running,generic,4.2,0.0,2023-02-26 06:57:43.000000,2023-02-26 09:35:23.000000,02:37:35.675000,02:37:06.471000,15.002280619696,12255.0,146,164.0,,,2402,78.0,81.0,5.728793339197159,7.889673161067963,150.9186354,150.9186354,260.6,,260.6,41.92357465624809,-87.6470760628581,41.924028201028705,-87.6465786807239,max_heart_rate,95.0,114.0,133.0,152.0,171.0,00:00:22.999000,00:00:56.002000,02:22:16.292000,00:13:18.162000,00:00:00.000000
10294132385,Indoor Cycling,,uncategorized,,1,cycling,indoor_cycling,3.7,0.7,2023-01-12 06:37:27.000000,2023-01-12 07:21:18.000000,00:43:46.547000,00:43:46.547000,17.999998982127998,,153,189.0,,,775,,,24.67117101332329,,,,260.6,,260.6,,,,,max_heart_rate,95.0,114.0,133.0,152.0,171.0,00:00:31.999000,00:05:27.999000,00:09:37.001000,00:20:32.157000,00:07:20.000000
10613636618,Strength,,uncategorized,,1,fitness_equipment,strength_training,0.4,0.0,2023-03-02 05:16:25.000000,2023-03-02 05:41:21.000000,00:24:49.339000,00:24:49.339000,0.0,197.0,101,138.0,,,179,,,0.0,,,,260.6,,260.6,,,,,max_heart_rate,95.0,114.0,133.0,152.0,171.0,00:12:59.353000,00:03:53.984000,00:00:15.001000,00:00:00.000000,00:00:00.000000
10646779859,Chicago Running,,uncategorized,,3,running,generic,2.4,0.0,2023-03-07 05:09:50.000000,2023-03-07 05:31:11.000000,00:21:17.171000,00:21:08.944000,2.065953606896,1620.0,135,146.0,,,328,76.0,79.0,5.860772064002991,9.538294967468262,59.0551182,55.774278300000006,260.6,,260.6,41.923776073381305,-87.64700699597597,41.92462323233485,-87.64744143001735,max_heart_rate,95.0,114.0,133.0,152.0,171.0,00:00:23.998000,00:06:16.577000,00:14:17.052000,00:00:00.000000,00:00:00.000000
10628985852,Chicago Running,,uncategorized,,19,running,generic,4.6,0.2,2023-03-04 07:46:39.000000,2023-03-04 11:02:29.000000,03:15:46.259000,03:08:41.632000,18.154310305935997,14479.0,143,155.0,,,2862,77.0,88.0,5.773532016530991,8.97458741973114,190.28871420000002,196.850394,260.6,,260.6,41.92364531569183,-87.64704287052155,41.923934910446405,-87.64638748951256,max_heart_rate,95.0,114.0,133.0,152.0,171.0,00:00:31.208000,00:04:46.573000,02:59:42.329000,00:03:39.873000,00:00:00.000000
10600016226,Chicago Running,,uncategorized,,3,running,generic,2.4,0.0,2023-02-28 04:58:46.000000,2023-02-28 05:21:47.000000,00:22:57.671000,00:21:57.436000,2.1114814747199997,1683.0,136,150.0,,,338,77.0,79.0,5.769057935466766,7.534000516265869,16.4041995,13.1233596,260.6,,260.6,41.92371379584074,-87.64705686829984,41.92449213936925,-87.64723682776093,max_heart_rate,95.0,114.0,133.0,152.0,171.0,00:00:42.650000,00:04:40.001000,00:16:34.510000,00:00:00.000000,00:00:00.000000
10607318231,Chicago - Tempo Run 1/4,,uncategorized,,6,running,generic,3.8,0.3,2023-03-01 05:46:01.000000,2023-03-01 06:32:37.000000,00:46:27.170000,00:46:14.248000,5.004368302,3613.0,153,170.0,,,802,78.0,82.0,6.493825468263626,8.265478370668411,72.1784778,78.7401576,260.6,,260.6,41.92366593517363,-87.6470345724374,41.92493235692382,-87.64653459191322,max_heart_rate,95.0,114.0,133.0,152.0,171.0,00:00:10.997000,00:02:27.098000,00:15:25.793000,00:28:09.536000,00:00:00.000000
10647239174,Treadmill Running,,uncategorized,,6,running,treadmill,3.5,0.0,2023-03-07 05:33:49.000000,2023-03-07 06:41:20.000000,01:06:57.572000,01:06:28.083000,5.999997589472,4712.0,155,174.0,,,1009,70.0,80.0,5.415622064533234,6.511720725866318,,,260.6,,260.6,,,,,max_heart_rate,95.0,114.0,133.0,152.0,171.0,00:00:32.131000,00:01:23.999000,00:22:28.096000,00:35:50.237000,00:06:12.996000
10610985306,Chicago Running,,uncategorized,,6,running,generic,3.4,0.0,2023-03-01 15:34:31.000000,2023-03-01 16:26:00.000000,00:51:23.206000,00:48:48.296000,5.006599024608,3766.0,147,158.0,,,803,76.0,80.0,6.156048081064224,7.806906661333084,75.4593177,65.616798,260.6,,260.6,41.923630479723215,-87.64701168984175,41.925033275038004,-87.6462385430932,max_heart_rate,95.0,114.0,133.0,152.0,171.0,00:01:05.267000,00:01:18.766000,00:32:42.055000,00:13:25.735000,00:00:00.000000
10600449218,Treadmill Running,,uncategorized,,7,running,treadmill,3.8,0.2,2023-02-28 05:25:54.000000,2023-02-28 06:28:50.000000,01:02:48.630000,01:02:48.630000,6.003663679552,4515.0,153,176.0,,,1025,71.0,79.0,5.735503660802841,6.699623064002991,,,260.6,,260.6,,,,,max_heart_rate,95.0,114.0,133.0,152.0,171.0,00:01:00.784000,00:04:29.995000,00:11:59.845000,00:42:12.178000,00:03:05.000000
10620340704,Chicago Running,,uncategorized,,7,running,generic,3.0,0.0,2023-03-03 05:09:54.000000,2023-03-03 06:15:55.000000,01:05:57.627000,01:05:16.285000,6.001165767328,5046.0,138,146.0,,,962,77.0,80.0,5.516284355197906,9.245256257602692,88.5826773,75.4593177,260.6,,260.6,41.923917308449745,-87.64681831933558,41.92548614926636,-87.64439955353737,max_heart_rate,95.0,114.0,133.0,152.0,171.0,00:00:14.832000,00:04:08.797000,01:00:52.215000,00:00:00.000000,00:00:00.000000
10613961166,Stair Stepper,,uncategorized,,1,fitness_equipment,stair_climbing,3.1,0.0,2023-03-02 05:42:29.000000,2023-03-02 06:32:04.000000,00:49:30.678000,00:49:30.678000,0.0,1075.0,142,158.0,,,728,4.0,79.0,0.0,,,,260.6,,260.6,,,,,max_heart_rate,95.0,114.0,133.0,152.0,171.0,00:02:10.056000,00:07:12.000000,00:34:27.941000,00:05:30.058000,00:00:00.000000
10636784500,Chicago Walking,,uncategorized,,2,walking,generic,0.3,0.0,2023-03-05 12:05:40.000000,2023-03-05 12:28:35.000000,00:21:32.568000,00:21:32.568000,1.0039121655680001,944.0,98,115.0,,,151,43.0,56.0,2.79617,16.112650161598207,22.9658793,6.5616798,260.6,,260.6,41.92380901426077,-87.64722215943038,41.92357582971454,-87.6470089238137,max_heart_rate,95.0,114.0,133.0,152.0,171.0,00:16:40.593000,00:00:04.999000,00:00:00.000000,00:00:00.000000,00:00:00.000000
10636371283,Chicago Running,,uncategorized,,16,running,generic,4.3,0.0,2023-03-05 08:43:32.000000,2023-03-05 11:23:24.000000,02:39:48.750000,02:37:11.440000,15.005524177359998,12149.0,142,155.0,,,2388,77.0,80.0,5.726556032001495,9.22512422613144,137.7952758,141.0761157,260.6,,260.6,41.923652440309525,-87.64707145281136,41.923688566312194,-87.64351727440953,max_heart_rate,95.0,114.0,133.0,152.0,171.0,00:01:12.667000,00:05:39.186000,02:28:57.690000,00:01:19.999000,00:00:00.000000
